,token,normedProbCorrect,ifCorrect,numResponsesBefore,ifMatch,ifContextHumanFirst
1_45, FALSE,0.4535549060600686,False,2,False,True
1_62, FALSE,0.5366363723640906,True,3,False,True
1_79, FALSE,0.5885852630128354,True,4,False,True
1_95, TRUE,0.4309984412671379,False,5,True,True
1_111, FALSE,0.6518155919780124,True,6,False,True
1_127, FALSE,0.6813475417563207,True,7,True,True
1_143, TRUE,0.4247810625156698,False,8,True,True
1_159, FALSE,0.739323183174217,True,9,True,True
2_47, FALSE,0.4515617261694945,False,2,True,False
2_63, TRUE,0.5425272290358288,True,3,True,False
2_79, TRUE,0.4995718076046781,False,4,True,False
2_95, TRUE,0.32077308257464626,False,5,True,False
2_111, TRUE,0.38347804361730414,False,6,True,False
2_127, FALSE,0.6325479606789872,True,7,True,False
2_145, FALSE,0.7617407122214002,True,8,True,False
2_161, FALSE,0.6153235439228071,True,9,True,False
3_48, FALSE,0.6076067489905406,True,2,True,False
3_64, FALSE,0.526352296509657,True,3,True,False
3_80, TRUE,0.660283618437449,True,4,True,False
3_96, TRUE,0.4258579401251268,False,5,True,False
3_112, TRUE,0.4139721871210339,False,6,True,False
3_128, FALSE,0.7089105114714922,True,7,True,False
3_146, TRUE,0.2215105071188723,False,8,False,False
3_162, TRUE,0.7337202153590984,True,9,True,False
4_45, TRUE,0.7352675785649735,True,2,True,True
4_61, FALSE,0.5123170825843747,True,3,True,True
4_78, TRUE,0.622024452430947,True,4,True,True
4_94, FALSE,0.6058746809041553,True,5,False,True
4_110, TRUE,0.7584022931309855,True,6,True,True
4_128, FALSE,0.7300846766030086,True,7,True,True
4_146, TRUE,0.6701572741825151,True,8,False,True
4_162, FALSE,0.7371455876703567,True,9,False,True
5_49, FALSE,0.5440700555427173,True,2,True,False
5_65, FALSE,0.5889778207456551,True,3,True,False
5_81, FALSE,0.6496628137024589,True,4,True,False
5_97, TRUE,0.4552865687572021,False,5,True,False
5_113, FALSE,0.8279118639859406,True,6,True,False
5_129, FALSE,0.6549912685891943,True,7,True,False
5_147, FALSE,0.8022270949006831,True,8,True,False
5_163, FALSE,0.917388557549424,True,9,True,False
6_46, FALSE,0.617160280634532,True,2,False,False
6_63, FALSE,0.5181014255856428,True,3,False,False
6_81, FALSE,0.7142583702610737,True,4,True,False
6_97, FALSE,0.8112178603705018,True,5,False,False
6_113, FALSE,0.5879773346935387,True,6,True,False
6_129, FALSE,0.782611860868829,True,7,True,False
6_145, TRUE,0.1478870451790557,False,8,True,False
6_161, FALSE,0.8569956471369814,True,9,True,False
7_47, FALSE,0.6106802085469858,True,2,True,False
7_63, FALSE,0.5596426158281735,True,3,True,False
7_80, TRUE,0.47898387210742127,False,4,True,False
7_96, TRUE,0.43918913448574237,False,5,True,False
7_112, TRUE,0.5139715119180241,True,6,True,False
7_131, FALSE,0.7496882851954314,True,7,True,False
7_149, FALSE,0.890911178643138,True,8,True,False
7_165, TRUE,0.8782661419252776,True,9,True,False
8_46, TRUE,0.516363968662454,True,2,True,False
8_63, FALSE,0.6502937573889733,True,3,False,False
8_80, FALSE,0.5125582032866737,True,4,False,False
8_96, FALSE,0.6039519429407243,True,5,True,False
8_112, TRUE,0.48005969404055593,False,6,True,False
8_129, FALSE,0.6625304086262086,True,7,False,False
8_147, TRUE,0.33043828322636515,False,8,False,False
8_163, FALSE,0.6198722504742191,True,9,False,False
9_47, FALSE,0.4753569652343483,False,2,True,False
9_64, FALSE,0.5815741779721832,True,3,False,False
9_81, FALSE,0.5659454308341753,True,4,False,False
9_97, FALSE,0.5375468488888525,True,5,True,False
9_113, TRUE,0.32046897964245896,False,6,True,False
9_132, FALSE,0.775487268623691,True,7,True,False
9_150, TRUE,0.2840210198944596,False,8,False,False
9_166, FALSE,0.7252588611680678,True,9,True,False
10_47, FALSE,0.5007467594447591,True,2,True,False
10_63, FALSE,0.5503874319676658,True,3,True,False
10_81, FALSE,0.6979878126080649,True,4,True,False
10_97, TRUE,0.5573795166001261,True,5,True,False
10_113, FALSE,0.7978128883092372,True,6,False,False
10_129, FALSE,0.7639614877536439,True,7,True,False
10_147, TRUE,0.3443900460216717,False,8,False,False
10_163, TRUE,0.7355399781735318,True,9,True,False
11_45, TRUE,0.6239436357757013,True,2,True,True
11_61, TRUE,0.553077251615242,True,3,True,True
11_77, FALSE,0.5465623309453038,True,4,True,True
11_93, TRUE,0.7166030264328911,True,5,True,True
11_109, TRUE,0.5270407780503641,True,6,True,True
11_127, FALSE,0.7463137990498226,True,7,True,True
11_143, TRUE,0.7197385089372148,True,8,True,True
11_159, FALSE,0.8881842254851849,True,9,True,True
12_45, FALSE,0.5012388199650761,True,2,False,True
12_62, FALSE,0.46027085971333204,False,3,False,True
12_79, TRUE,0.49866486817331396,False,4,True,True
12_95, TRUE,0.5245003053024686,True,5,True,True
12_111, FALSE,0.5395708470127258,True,6,True,True
12_127, FALSE,0.6414320148103184,True,7,True,True
12_143, TRUE,0.5320233878826263,True,8,True,True
12_160, FALSE,0.5145527560472442,True,9,True,True
13_46, FALSE,0.507508667971062,True,2,True,False
13_62, TRUE,0.5301595275837109,True,3,True,False
13_78, TRUE,0.5684177016112764,True,4,True,False
13_94, FALSE,0.7498049514302338,True,5,True,False
13_110, FALSE,0.6517134111938296,True,6,False,False
13_126, FALSE,0.7450768043705233,True,7,True,False
13_144, TRUE,0.489629320053357,False,8,False,False
13_160, TRUE,0.7258535957553266,True,9,True,False
14_45, FALSE,0.5159257360798298,True,2,False,True
14_64, FALSE,0.5836001871408902,True,3,True,True
14_80, FALSE,0.5948234570419544,True,4,True,True
14_96, TRUE,0.474206003642126,False,5,True,True
14_112, TRUE,0.5324004339394023,True,6,True,True
14_130, FALSE,0.7872604656787623,True,7,True,True
14_146, TRUE,0.29898363972250863,False,8,True,True
14_162, FALSE,0.8648753889467634,True,9,True,True
15_46, TRUE,0.6010320636558684,True,2,True,False
15_65, FALSE,0.6051064934759219,True,3,True,False
15_83, FALSE,0.5478770390157157,True,4,True,False
15_99, TRUE,0.6247112703244492,True,5,True,False
15_115, TRUE,0.6169105842962838,True,6,True,False
15_133, FALSE,0.7278334243535947,True,7,True,False
15_149, TRUE,0.7632177491377931,True,8,True,False
15_165, FALSE,0.9078504038515858,True,9,True,False
16_46, FALSE,0.5760464323036345,True,2,True,False
16_63, FALSE,0.5952131633908794,True,3,False,False
16_80, TRUE,0.4548031832599091,False,4,True,False
16_96, TRUE,0.44985614121193346,False,5,True,False
16_112, FALSE,0.7643973201049549,True,6,False,False
16_128, FALSE,0.7891784588845999,True,7,True,False
16_144, TRUE,0.5791912185639523,True,8,True,False
16_160, FALSE,0.8901294263354435,True,9,True,False
17_45, TRUE,0.5931840500059037,True,2,True,True
17_61, FALSE,0.6016282703521858,True,3,True,True
17_77, FALSE,0.4977197833078395,False,4,True,True
17_93, TRUE,0.6628927760528467,True,5,True,True
17_109, FALSE,0.8092577269563266,True,6,True,True
17_126, FALSE,0.39654273027456904,False,7,False,True
17_144, FALSE,0.6072956735279601,True,8,True,True
17_160, FALSE,0.5822164426137725,True,9,False,True
18_47, FALSE,0.5556640982574172,True,2,True,False
18_66, FALSE,0.6212582023306804,True,3,True,False
18_82, TRUE,0.6067360504608563,True,4,True,False
18_98, TRUE,0.4470170579491652,False,5,True,False
18_114, FALSE,0.6712643585461662,True,6,False,False
18_132, FALSE,0.6697178178978199,True,7,True,False
18_148, TRUE,0.7251980472955335,True,8,True,False
18_165, FALSE,0.5246334904972253,True,9,True,False
19_47, FALSE,0.4668247126153932,False,2,True,True
19_64, FALSE,0.6444322708821554,True,3,False,True
19_80, FALSE,0.546191712182349,True,4,True,True
19_96, TRUE,0.45713009088994816,False,5,True,True
19_112, FALSE,0.7665865798450672,True,6,True,True
19_129, FALSE,0.7659251905975745,True,7,False,True
19_145, TRUE,0.35953540186010563,False,8,True,True
19_162, FALSE,0.808558990117528,True,9,True,True
20_48, TRUE,0.627690933976146,True,2,True,False
20_65, FALSE,0.7083639304706071,True,3,False,False
20_81, FALSE,0.568266068425187,True,4,True,False
20_97, TRUE,0.5044954938587564,True,5,True,False
20_113, TRUE,0.566901020617677,True,6,True,False
20_132, FALSE,0.8697284116491644,True,7,True,False
20_148, TRUE,0.7692183936743637,True,8,True,False
20_164, FALSE,0.8533593999952641,True,9,False,False
21_47, FALSE,0.4122962863588646,False,2,True,True
21_63, FALSE,0.5581172104510667,True,3,True,True
21_80, FALSE,0.5353034150640589,True,4,False,True
21_96, TRUE,0.429514414639974,False,5,True,True
21_112, TRUE,0.44700761273109996,False,6,True,True
21_131, FALSE,0.756663224239766,True,7,True,True
21_147, TRUE,0.6233688355352376,True,8,True,True
21_163, FALSE,0.8675442095763702,True,9,True,True
22_47, FALSE,0.46610508953160046,False,2,True,True
22_64, FALSE,0.5901768493790662,True,3,False,True
22_81, FALSE,0.5649753117258796,True,4,False,True
22_97, TRUE,0.39333585380991354,False,5,True,True
22_113, FALSE,0.7107263604121884,True,6,False,True
22_130, FALSE,0.6289007576873932,True,7,False,True
22_146, TRUE,0.500268922474069,True,8,True,True
22_163, FALSE,0.6898829203341758,True,9,True,True
23_45, FALSE,0.5269627936483453,True,2,False,True
23_61, FALSE,0.5282986259457835,True,3,True,True
23_79, FALSE,0.6280483870862519,True,4,True,True
23_95, TRUE,0.4051499455370233,False,5,True,True
23_111, TRUE,0.4175627796506886,False,6,True,True
23_127, FALSE,0.6931193230292311,True,7,True,True
23_143, TRUE,0.3527015132624895,False,8,True,True
23_159, FALSE,0.6622889896188222,True,9,False,True
24_46, FALSE,0.42676665970381683,False,2,True,True
24_62, FALSE,0.6511495116129683,True,3,True,True
24_80, FALSE,0.7729647457485895,True,4,True,True
24_96, TRUE,0.3836142558364949,False,5,True,True
24_112, TRUE,0.48648781833058125,False,6,True,True
24_129, FALSE,0.7846054132716354,True,7,False,True
24_147, FALSE,0.9034879642214658,True,8,True,True
24_163, FALSE,0.8837758301770827,True,9,True,True
25_49, FALSE,0.46659402233828257,False,2,True,True
25_66, FALSE,0.4168643538853459,False,3,False,True
25_84, FALSE,0.5961751535198891,True,4,True,True
25_100, FALSE,0.652992051296972,True,5,True,True
25_116, FALSE,0.5590398992840124,True,6,True,True
25_132, FALSE,0.772881045310374,True,7,True,True
25_148, TRUE,0.40121117029335385,False,8,True,True
25_165, FALSE,0.6240635586840558,True,9,True,True
26_46, FALSE,0.6187921315199765,True,2,False,False
26_62, TRUE,0.45798598644711325,False,3,True,False
26_80, FALSE,0.7359953608526666,True,4,True,False
26_96, TRUE,0.6215561783023112,True,5,True,False
26_112, FALSE,0.8322957590691881,True,6,True,False
26_130, FALSE,0.5854308054122597,True,7,True,False
26_148, TRUE,0.4994068002783184,False,8,False,False
26_164, TRUE,0.6863265116239745,True,9,True,False
27_46, FALSE,0.5812585253072673,True,2,False,True
27_63, FALSE,0.5140239008263235,True,3,False,True
27_79, FALSE,0.6132356665765585,True,4,True,True
27_95, TRUE,0.37805535897487574,False,5,True,True
27_111, FALSE,0.7311433040366646,True,6,False,True
27_129, FALSE,0.660228884861689,True,7,True,True
27_145, TRUE,0.394096206127585,False,8,True,True
27_161, FALSE,0.8013808228939477,True,9,True,True
28_46, FALSE,0.5307790209352343,True,2,False,True
28_62, FALSE,0.5990335047014826,True,3,True,True
28_78, FALSE,0.6253389049778435,True,4,True,True
28_94, TRUE,0.35948092186071195,False,5,True,True
28_110, FALSE,0.7354479595288759,True,6,False,True
28_127, FALSE,0.7649121937763756,True,7,False,True
28_145, TRUE,0.18062605607600699,False,8,False,True
28_161, FALSE,0.7584910451150463,True,9,True,True
29_46, TRUE,0.398730133968847,False,2,True,False
29_65, FALSE,0.5912512766164367,True,3,True,False
29_81, TRUE,0.6479043851784739,True,4,True,False
29_97, FALSE,0.6746385570726238,True,5,False,False
29_113, TRUE,0.47478242471231896,False,6,True,False
29_130, FALSE,0.7259743045478252,True,7,False,False
29_148, FALSE,0.5894449870885244,True,8,True,False
29_164, TRUE,0.7658219234559418,True,9,True,False
30_48, FALSE,0.5713210156191616,True,2,True,True
30_65, FALSE,0.4923015834217623,False,3,False,True
30_82, TRUE,0.47386452450214483,False,4,True,True
30_98, TRUE,0.4670725349795748,False,5,True,True
30_114, FALSE,0.6030509853244941,True,6,True,True
30_133, FALSE,0.6988908847662507,True,7,True,True
30_149, TRUE,0.5893462210301754,True,8,True,True
30_165, FALSE,0.6029614655399206,True,9,True,True
31_48, FALSE,0.5304360310633885,True,2,True,True
31_64, FALSE,0.5967654975130798,True,3,True,True
31_80, TRUE,0.610134122542671,True,4,True,True
31_96, TRUE,0.2747730412595104,False,5,True,True
31_112, FALSE,0.7858752776444999,True,6,True,True
31_129, FALSE,0.7948226482192414,True,7,False,True
31_145, TRUE,0.4180285645768089,False,8,True,True
31_161, FALSE,0.6824952048239354,True,9,True,True
32_47, TRUE,0.6476702462306271,True,2,True,True
32_63, FALSE,0.5804626009359334,True,3,True,True
32_81, FALSE,0.5940711390528828,True,4,True,True
32_97, TRUE,0.46561432833494326,False,5,True,True
32_113, TRUE,0.5603945428231495,True,6,True,True
32_131, FALSE,0.7650555280087149,True,7,True,True
32_147, TRUE,0.7079105804100376,True,8,True,True
32_164, FALSE,0.6741535838685937,True,9,True,True
33_46, FALSE,0.5817189372722256,True,2,False,False
33_62, TRUE,0.4691715947159893,False,3,True,False
33_80, FALSE,0.7213599973600883,True,4,True,False
33_96, TRUE,0.6148837360792982,True,5,True,False
33_112, FALSE,0.8521979932016391,True,6,False,False
33_131, FALSE,0.6230230566930517,True,7,True,False
33_147, TRUE,0.633626360884545,True,8,True,False
33_164, FALSE,0.7228634032278248,True,9,True,False
34_46, TRUE,0.49516403580382046,False,2,True,True
34_62, FALSE,0.576983381737987,True,3,True,True
34_79, FALSE,0.5620149737318352,True,4,False,True
34_95, FALSE,0.4415112066100935,False,5,False,True
34_111, FALSE,0.6260339933199619,True,6,False,True
34_127, FALSE,0.6119981210353519,True,7,True,True
34_143, TRUE,0.4440203594169838,False,8,True,True
34_159, TRUE,0.5416976859203592,True,9,True,True
35_48, FALSE,0.5248513307484944,True,2,True,True
35_64, FALSE,0.5967306167721388,True,3,True,True
35_81, FALSE,0.6412907567970767,True,4,False,True
35_97, TRUE,0.43827235076379706,False,5,True,True
35_113, FALSE,0.750857596373188,True,6,False,True
35_132, FALSE,0.7167757614722939,True,7,True,True
35_148, TRUE,0.5678205327742291,True,8,True,True
35_164, FALSE,0.8015659899594345,True,9,True,True
36_48, FALSE,0.5660110676779034,True,2,True,False
36_67, FALSE,0.5267821419776069,True,3,True,False
36_85, FALSE,0.6748210986203632,True,4,True,False
36_101, FALSE,0.6917284382886094,True,5,True,False
36_117, FALSE,0.41184437108525773,False,6,True,False
36_135, FALSE,0.7259735247195287,True,7,True,False
36_151, TRUE,0.4746777727068869,False,8,True,False
36_167, FALSE,0.8991535502004597,True,9,True,False
37_45, TRUE,0.44386970948366916,False,2,True,False
37_62, FALSE,0.580959513862033,True,3,False,False
37_79, TRUE,0.5445525956448309,True,4,True,False
37_95, TRUE,0.5759299854465453,True,5,True,False
37_111, FALSE,0.6205129235591508,True,6,True,False
37_128, FALSE,0.3519799097382491,False,7,False,False
37_144, TRUE,0.66844160666519,True,8,True,False
37_160, FALSE,0.7162728839651292,True,9,True,False
38_45, TRUE,0.6442443589790835,True,2,True,True
38_61, FALSE,0.6061952498084138,True,3,True,True
38_77, FALSE,0.5320699284076694,True,4,True,True
38_93, TRUE,0.6084949883921649,True,5,True,True
38_109, FALSE,0.7748829331612301,True,6,False,True
38_128, FALSE,0.6641983864718528,True,7,True,True
38_144, TRUE,0.5780555741418156,True,8,True,True
38_161, TRUE,0.5089568892165766,True,9,True,True
39_47, FALSE,0.5173784594454949,True,2,True,False
39_64, FALSE,0.4760753365928533,False,3,False,False
39_80, FALSE,0.6312694124088749,True,4,True,False
39_96, TRUE,0.593273358247692,True,5,True,False
39_112, TRUE,0.3442470611028767,False,6,True,False
39_128, FALSE,0.7776529334930324,True,7,True,False
39_146, TRUE,0.14420769568422112,False,8,False,False
39_162, FALSE,0.7178347100703998,True,9,True,False
40_47, FALSE,0.49077422221639877,False,2,True,False
40_66, FALSE,0.542253582694404,True,3,True,False
40_84, FALSE,0.6846430358184757,True,4,True,False
40_100, FALSE,0.5626543492891714,True,5,False,False
40_116, TRUE,0.6113248731624646,True,6,True,False
40_132, FALSE,0.7346173490909289,True,7,True,False
40_150, FALSE,0.7814277292176196,True,8,True,False
40_167, FALSE,0.5538541108495635,True,9,True,False
41_48, FALSE,0.5470548239469193,True,2,True,True
41_64, TRUE,0.5788313890575408,True,3,True,True
41_81, FALSE,0.7353187778593421,True,4,False,True
41_97, TRUE,0.5786211706374894,True,5,True,True
41_113, FALSE,0.6921504168287674,True,6,True,True
41_131, FALSE,0.7272693210422311,True,7,True,True
41_149, FALSE,0.7185635292603197,True,8,True,True
41_165, TRUE,0.8041248725673495,True,9,True,True
42_47, TRUE,0.6347104606928506,True,2,True,True
42_63, TRUE,0.5259271616739488,True,3,True,True
42_79, FALSE,0.5716405144471675,True,4,True,True
42_95, FALSE,0.6727677257698106,True,5,True,True
42_111, FALSE,0.6244545860678471,True,6,True,True
42_127, FALSE,0.6795111007354344,True,7,True,True
42_145, TRUE,0.26034465468429413,False,8,False,True
42_161, FALSE,0.646253583041829,True,9,True,True
43_46, TRUE,0.5416863428398172,True,2,True,True
43_63, FALSE,0.6535761709853253,True,3,False,True
43_81, FALSE,0.521119900821388,True,4,True,True
43_97, TRUE,0.5582310408920086,True,5,True,True
43_113, TRUE,0.471051224366317,False,6,True,True
43_129, FALSE,0.7105278844558125,True,7,True,True
43_145, TRUE,0.5114220624944728,True,8,True,True
43_162, FALSE,0.7309565542995706,True,9,True,True
44_45, TRUE,0.670625122793488,True,2,True,True
44_64, FALSE,0.6114997659198317,True,3,True,True
44_80, TRUE,0.6616504919434233,True,4,True,True
44_96, TRUE,0.38152017249384507,False,5,True,True
44_112, TRUE,0.42236130679282174,False,6,True,True
44_129, FALSE,0.7849513973087446,True,7,False,True
44_147, FALSE,0.7508668637289188,True,8,True,True
44_163, TRUE,0.5281978361820868,True,9,True,True
45_46, FALSE,0.551962439431856,True,2,False,True
45_63, FALSE,0.458130894592291,False,3,False,True
45_80, TRUE,0.43388215457608764,False,4,True,True
45_96, FALSE,0.6891806172286146,True,5,True,True
45_112, FALSE,0.6164579263848727,True,6,False,True
45_129, FALSE,0.5952692372327464,True,7,False,True
45_147, FALSE,0.6972732525775791,True,8,True,True
45_163, FALSE,0.7062189635081055,True,9,False,True
46_46, FALSE,0.5629715996862233,True,2,True,False
46_62, FALSE,0.632443379071254,True,3,True,False
46_78, FALSE,0.6585401817784665,True,4,True,False
46_94, FALSE,0.7861473690659445,True,5,True,False
46_110, TRUE,0.2595198411986071,False,6,True,False
46_126, FALSE,0.840946961510254,True,7,True,False
46_144, TRUE,0.24934801518100844,False,8,False,False
46_161, FALSE,0.6240233037465669,True,9,True,False
47_48, FALSE,0.42608554894757,False,2,True,True
47_64, TRUE,0.5472051191116979,True,3,True,True
47_82, FALSE,0.6540821486270884,True,4,True,True
47_98, TRUE,0.5486753689781522,True,5,True,True
47_114, TRUE,0.3652302565139276,False,6,True,True
47_131, FALSE,0.7401009866575505,True,7,False,True
47_147, TRUE,0.5272556551940327,True,8,True,True
47_164, FALSE,0.6445940313224796,True,9,True,True
48_47, FALSE,0.5417232865158217,True,2,True,False
48_64, FALSE,0.5876676722704021,True,3,False,False
48_80, TRUE,0.6689293007332452,True,4,True,False
48_96, TRUE,0.3837910302993658,False,5,True,False
48_112, TRUE,0.5407505262963042,True,6,True,False
48_128, FALSE,0.7729165525145295,True,7,True,False
48_146, FALSE,0.8612239007129711,True,8,True,False
48_162, TRUE,0.872921430531849,True,9,True,False
49_47, FALSE,0.622253986501179,True,2,False,False
49_64, FALSE,0.5567225181762108,True,3,False,False
49_82, FALSE,0.6038104725277681,True,4,True,False
49_98, FALSE,0.5919628366291602,True,5,False,False
49_114, TRUE,0.4075774502883533,False,6,True,False
49_130, FALSE,0.775026638646697,True,7,True,False
49_148, TRUE,0.22707073858285406,False,8,False,False
49_164, FALSE,0.6935662025666611,True,9,True,False
50_47, FALSE,0.5285571998669891,True,2,True,True
50_63, TRUE,0.5164963705393343,True,3,True,True
50_79, FALSE,0.6957548541544392,True,4,True,True
50_95, FALSE,0.6770429280667593,True,5,False,True
50_111, TRUE,0.5088863516816745,True,6,True,True
50_129, FALSE,0.752422096328599,True,7,True,True
50_145, TRUE,0.28415370206715057,False,8,True,True
50_161, FALSE,0.892374364674274,True,9,False,True
51_45, TRUE,0.6950058104247013,True,2,True,True
51_61, FALSE,0.5735935022881605,True,3,True,True
51_77, FALSE,0.5312815977230333,True,4,True,True
51_93, TRUE,0.6311130737416775,True,5,True,True
51_109, FALSE,0.7088136816236607,True,6,False,True
51_128, FALSE,0.6751767236365384,True,7,True,True
51_144, TRUE,0.4515078769090294,False,8,True,True
51_160, FALSE,0.8248337300733097,True,9,True,True
52_49, FALSE,0.5025939867271806,True,2,True,True
52_65, TRUE,0.5431936433264487,True,3,True,True
52_81, FALSE,0.6844272142863169,True,4,True,True
52_97, FALSE,0.6542728757549704,True,5,True,True
52_113, FALSE,0.5708930841547103,True,6,True,True
52_132, FALSE,0.7876403638037384,True,7,True,True
52_150, FALSE,0.8156096977422782,True,8,True,True
52_166, FALSE,0.7652810264674988,True,9,True,True
53_49, FALSE,0.5474811048748054,True,2,True,True
53_65, FALSE,0.672131655903249,True,3,True,True
53_82, TRUE,0.3648253070211998,False,4,True,True
53_98, TRUE,0.44032824498560363,False,5,True,True
53_114, FALSE,0.6449163813862067,True,6,True,True
53_133, FALSE,0.7404728447711508,True,7,True,True
53_149, TRUE,0.6290262772201154,True,8,True,True
53_166, FALSE,0.6031285659509559,True,9,True,True
54_48, FALSE,0.5131747996353121,True,2,True,True
54_64, FALSE,0.6018038167925264,True,3,True,True
54_80, FALSE,0.5944399981181235,True,4,True,True
54_96, FALSE,0.6030646778080607,True,5,True,True
54_112, TRUE,0.3830245186803762,False,6,True,True
54_131, FALSE,0.8129456500293541,True,7,True,True
54_147, TRUE,0.6072183459915182,True,8,True,True
54_163, FALSE,0.8234343421713269,True,9,True,True
55_47, TRUE,0.5254687034474703,True,2,True,True
55_66, FALSE,0.6256213037459528,True,3,True,True
55_83, FALSE,0.5543093369286898,True,4,False,True
55_99, FALSE,0.5286902498915447,True,5,True,True
55_115, FALSE,0.5702929944219479,True,6,True,True
55_131, FALSE,0.6263509689273481,True,7,True,True
55_147, TRUE,0.5267326715596751,True,8,True,True
55_163, FALSE,0.6328857177946313,True,9,True,True
56_48, FALSE,0.5423728722231476,True,2,True,False
56_64, FALSE,0.5342594368196246,True,3,True,False
56_80, FALSE,0.621106516035905,True,4,True,False
56_96, TRUE,0.5755442146185652,True,5,True,False
56_112, FALSE,0.8927131317899271,True,6,True,False
56_128, FALSE,0.7677694509728231,True,7,True,False
56_146, FALSE,0.9043308748296713,True,8,True,False
56_162, TRUE,0.8159685491533025,True,9,True,False
57_46, TRUE,0.47260646781459686,False,2,True,False
57_62, FALSE,0.6036115267666211,True,3,True,False
57_80, FALSE,0.6467190996854592,True,4,True,False
57_96, TRUE,0.6050253566067978,True,5,True,False
57_112, TRUE,0.5457803465759229,True,6,True,False
57_128, FALSE,0.7704769184360716,True,7,True,False
57_146, TRUE,0.21550032673000338,False,8,False,False
57_162, FALSE,0.7693193222467415,True,9,True,False
58_45, TRUE,0.7176036405718975,True,2,True,True
58_61, FALSE,0.5211703529278242,True,3,True,True
58_78, TRUE,0.5743285561724687,True,4,True,True
58_94, TRUE,0.6150164951489419,True,5,True,True
58_110, FALSE,0.6921358101245781,True,6,True,True
58_126, FALSE,0.661754713081899,True,7,True,True
58_142, TRUE,0.8864457407764031,True,8,True,True
58_158, FALSE,0.8009633751734946,True,9,False,True
59_45, TRUE,0.4778178201722675,False,2,True,False
59_61, TRUE,0.5796523279997565,True,3,True,False
59_77, FALSE,0.6144337691909001,True,4,True,False
59_93, FALSE,0.47789868627981197,False,5,False,False
59_109, TRUE,0.5775251566284713,True,6,True,False
59_125, FALSE,0.6612584108711966,True,7,True,False
59_143, TRUE,0.4489726307520728,False,8,False,False
59_159, FALSE,0.7969488336857081,True,9,True,False
60_48, FALSE,0.4530519640040872,False,2,True,True
60_67, FALSE,0.5256884244139343,True,3,True,True
60_84, TRUE,0.5262904932587807,True,4,True,True
60_100, TRUE,0.4879783922722646,False,5,True,True
60_116, FALSE,0.6561498024548855,True,6,True,True
60_133, FALSE,0.7021241099944941,True,7,False,True
60_151, TRUE,0.19020235557455514,False,8,False,True
60_167, FALSE,0.6488541005877809,True,9,True,True
61_48, FALSE,0.5579610261472769,True,2,True,True
61_65, FALSE,0.5086499194162944,True,3,False,True
61_82, FALSE,0.6232702979097214,True,4,False,True
61_98, TRUE,0.41418597931674067,False,5,True,True
61_114, FALSE,0.6954479284356881,True,6,False,True
61_133, FALSE,0.6883489710861266,True,7,True,True
61_151, FALSE,0.8027543332830058,True,8,True,True
61_167, FALSE,0.6753172722066082,True,9,True,True
62_48, FALSE,0.5475340401280924,True,2,True,False
62_64, TRUE,0.5393945879811473,True,3,True,False
62_80, FALSE,0.6110982482923549,True,4,True,False
62_96, FALSE,0.46317295475945297,False,5,False,False
62_112, FALSE,0.4127761152470563,False,6,True,False
62_130, FALSE,0.7435457135473467,True,7,True,False
62_148, FALSE,0.8071104875913978,True,8,True,False
62_164, TRUE,0.7090702859466786,True,9,True,False
63_47, FALSE,0.5311628450894063,True,2,True,False
63_66, FALSE,0.5394827112780191,True,3,True,False
63_83, FALSE,0.5377772790274318,True,4,False,False
63_99, FALSE,0.41945285902014484,False,5,False,False
63_115, FALSE,0.5668185889093715,True,6,False,False
63_132, FALSE,0.6625619712363721,True,7,False,False
63_148, TRUE,0.42752743772318363,False,8,True,False
63_164, FALSE,0.8150738339563528,True,9,True,False
64_46, TRUE,0.5462153337391891,True,2,True,True
64_63, FALSE,0.7713493639497092,True,3,False,True
64_79, TRUE,0.6211927030009085,True,4,True,True
64_95, TRUE,0.1770853747158002,False,5,True,True
64_111, FALSE,0.7228511748020885,True,6,True,True
64_129, FALSE,0.624064461925323,True,7,True,True
64_145, TRUE,0.6598761993971911,True,8,True,True
64_162, FALSE,0.7832187108488979,True,9,True,True
65_46, FALSE,0.5334990317523338,True,2,True,False
65_62, FALSE,0.5768111052666217,True,3,True,False
65_79, FALSE,0.45911590977427613,False,4,False,False
65_95, FALSE,0.6470275896983673,True,5,True,False
65_111, TRUE,0.4574652036171372,False,6,True,False
65_127, FALSE,0.7775942426996565,True,7,True,False
65_145, FALSE,0.8058148991176234,True,8,True,False
65_161, FALSE,0.775288611338948,True,9,False,False
66_46, TRUE,0.6226457650235683,True,2,True,True
66_63, FALSE,0.6496368121148652,True,3,False,True
66_80, FALSE,0.5058352725538169,True,4,False,True
66_96, TRUE,0.5319236648473413,True,5,True,True
66_112, FALSE,0.6547291732437144,True,6,True,True
66_128, FALSE,0.4852719243967653,False,7,True,True
66_144, TRUE,0.5525019790180037,True,8,True,True
66_160, TRUE,0.6756308526451995,True,9,True,True
67_46, FALSE,0.6488123792184584,True,2,False,False
67_63, FALSE,0.5595928091465167,True,3,False,False
67_81, FALSE,0.6890490637316112,True,4,True,False
67_97, TRUE,0.4505425781260717,False,5,True,False
67_113, FALSE,0.7867380341540958,True,6,True,False
67_132, FALSE,0.7804507677405429,True,7,True,False
67_150, TRUE,0.3674121318200999,False,8,False,False
67_166, FALSE,0.7689684535400358,True,9,True,False
68_48, FALSE,0.5294116212897567,True,2,True,False
68_64, FALSE,0.5294591908510689,True,3,True,False
68_81, TRUE,0.5129404021087169,True,4,True,False
68_97, TRUE,0.5123408806060095,True,5,True,False
68_113, FALSE,0.6405717471374901,True,6,False,False
68_130, FALSE,0.6040020984357762,True,7,False,False
68_146, TRUE,0.5053661189609019,True,8,True,False
68_162, TRUE,0.7132319127275993,True,9,True,False
69_45, FALSE,0.6413267291760611,True,2,False,False
69_61, TRUE,0.5015106379035531,True,3,True,False
69_77, TRUE,0.47388357983368806,False,4,True,False
69_93, FALSE,0.754425542810963,True,5,False,False
69_109, FALSE,0.6712374430446362,True,6,False,False
69_125, FALSE,0.7515341837864291,True,7,True,False
69_141, TRUE,0.397433111615207,False,8,True,False
69_157, FALSE,0.8094554836024824,True,9,True,False
70_46, TRUE,0.5361497342546985,True,2,True,False
70_62, FALSE,0.5803687748551515,True,3,True,False
70_79, TRUE,0.5012044826700751,True,4,True,False
70_95, FALSE,0.6410976731254155,True,5,True,False
70_111, TRUE,0.7607673344315307,True,6,True,False
70_127, FALSE,0.817142218002144,True,7,True,False
70_143, TRUE,0.8576442621892844,True,8,True,False
70_159, FALSE,0.8131143987673938,True,9,True,False
71_45, TRUE,0.6367731894377076,True,2,True,True
71_61, FALSE,0.5561387500286694,True,3,True,True
71_77, FALSE,0.49570092094593426,False,4,True,True
71_93, TRUE,0.684040643600514,True,5,True,True
71_109, FALSE,0.6669968913415754,True,6,False,True
71_127, FALSE,0.5188023620700101,True,7,True,True
71_145, FALSE,0.6571414408353705,True,8,True,True
71_161, TRUE,0.6248141283594189,True,9,True,True
72_47, TRUE,0.6524430093587386,True,2,True,True
72_63, TRUE,0.5488709055173935,True,3,True,True
72_80, TRUE,0.5451457370716543,True,4,True,True
72_96, FALSE,0.6427601287344021,True,5,True,True
72_112, FALSE,0.5299058212370737,True,6,False,True
72_129, FALSE,0.5578810736549937,True,7,False,True
72_147, FALSE,0.6890089656122173,True,8,True,True
72_163, FALSE,0.6597392240157003,True,9,False,True
73_46, TRUE,0.517647091978689,True,2,True,True
73_62, FALSE,0.5457378083670787,True,3,True,True
73_79, FALSE,0.5541820850729383,True,4,False,True
73_95, TRUE,0.5798094192511002,True,5,True,True
73_111, TRUE,0.4422713366909427,False,6,True,True
73_129, FALSE,0.6578261307657529,True,7,True,True
73_145, TRUE,0.5591151636698193,True,8,True,True
73_162, FALSE,0.6371013699024881,True,9,True,True
74_45, FALSE,0.635081871700466,True,2,False,False
74_61, FALSE,0.5672971483395725,True,3,True,False
74_78, FALSE,0.5921167000586988,True,4,False,False
74_94, FALSE,0.5243005047698434,True,5,False,False
74_110, TRUE,0.31445993464330746,False,6,True,False
74_127, FALSE,0.7564060563688226,True,7,False,False
74_145, FALSE,0.8087360274779046,True,8,True,False
74_161, FALSE,0.7433419760498169,True,9,False,False
75_48, FALSE,0.4732549514384192,False,2,True,False
75_65, FALSE,0.36921734881939466,False,3,False,False
75_83, FALSE,0.5443955257571113,True,4,True,False
75_99, TRUE,0.551235925162738,True,5,True,False
75_115, FALSE,0.7014439376993769,True,6,True,False
75_131, FALSE,0.7660346273755836,True,7,True,False
75_147, TRUE,0.6743881395598993,True,8,True,False
75_163, FALSE,0.8371706496253253,True,9,False,False
76_46, FALSE,0.6218908183794151,True,2,False,True
76_65, FALSE,0.6437921920191997,True,3,True,True
76_82, FALSE,0.6910267859850118,True,4,False,True
76_98, TRUE,0.31208900763405145,False,5,True,True
76_114, TRUE,0.2978264293779272,False,6,True,True
76_131, FALSE,0.7883935779342731,True,7,False,True
76_149, TRUE,0.2323285087099147,False,8,False,True
76_165, FALSE,0.6376700348023171,True,9,False,True
77_46, TRUE,0.48533383335975505,False,2,True,True
77_62, TRUE,0.4938853298574493,False,3,True,True
77_78, FALSE,0.6829852152114634,True,4,True,True
77_94, TRUE,0.6205075334841014,True,5,True,True
77_110, TRUE,0.4112475650275465,False,6,True,True
77_126, FALSE,0.7524164146507557,True,7,True,True
77_142, TRUE,0.7903982581652037,True,8,True,True
77_158, TRUE,0.8022186271448469,True,9,True,True
78_49, FALSE,0.5756784187730808,True,2,True,False
78_65, FALSE,0.5194385053480621,True,3,True,False
78_81, FALSE,0.530498752308379,True,4,True,False
78_97, FALSE,0.6722333621180551,True,5,True,False
78_113, FALSE,0.5745933919892166,True,6,True,False
78_130, FALSE,0.7075436791846501,True,7,False,False
78_148, TRUE,0.13665657126068445,False,8,False,False
78_164, FALSE,0.7822209417062617,True,9,True,False
79_45, FALSE,0.4878535402410438,False,2,False,True
79_62, FALSE,0.4409309259536205,False,3,False,True
79_78, FALSE,0.589282493968485,True,4,True,True
79_94, TRUE,0.49402458449869796,False,5,True,True
79_110, FALSE,0.6555375951357852,True,6,False,True
79_129, FALSE,0.7217891679155902,True,7,True,True
79_145, TRUE,0.315063846879796,False,8,True,True
79_161, FALSE,0.6857012412630977,True,9,False,True
80_47, TRUE,0.5608474878331771,True,2,True,True
80_63, TRUE,0.531530461970886,True,3,True,True
80_80, FALSE,0.6124147228310796,True,4,False,True
80_96, TRUE,0.5982076375970353,True,5,True,True
80_112, TRUE,0.5282758216690724,True,6,True,True
80_131, FALSE,0.7871640155988004,True,7,True,True
80_147, TRUE,0.754062804659408,True,8,True,True
80_163, FALSE,0.7828363187983107,True,9,False,True
81_47, FALSE,0.5368004924680829,True,2,True,False
81_63, FALSE,0.5814098619428469,True,3,True,False
81_81, FALSE,0.6874243269565072,True,4,True,False
81_97, FALSE,0.6832676215584059,True,5,True,False
81_113, TRUE,0.5654299712054254,True,6,True,False
81_131, FALSE,0.7982690488543697,True,7,True,False
81_147, TRUE,0.7081447785690884,True,8,True,False
81_164, FALSE,0.7044064365698686,True,9,True,False
82_48, FALSE,0.4668921400685071,False,2,True,True
82_65, FALSE,0.36140590873585476,False,3,False,True
82_81, TRUE,0.6793690115471036,True,4,True,True
82_97, FALSE,0.7642262274195708,True,5,False,True
82_113, FALSE,0.5906703846367681,True,6,True,True
82_132, FALSE,0.6741577510047659,True,7,True,True
82_148, TRUE,0.5101504877162588,True,8,True,True
82_164, FALSE,0.7545767694515768,True,9,True,True
83_47, FALSE,0.48532809830030094,False,2,True,True
83_63, FALSE,0.557326794541636,True,3,True,True
83_79, FALSE,0.6438779476303291,True,4,True,True
83_95, TRUE,0.4765787156206809,False,5,True,True
83_111, TRUE,0.3206451364656284,False,6,True,True
83_127, FALSE,0.7044969929402629,True,7,True,True
83_143, TRUE,0.42094732065290075,False,8,True,True
83_159, FALSE,0.715166839432311,True,9,False,True
84_47, FALSE,0.48549774378505084,False,2,True,True
84_66, FALSE,0.6109885496214746,True,3,True,True
84_82, TRUE,0.6003055271133042,True,4,True,True
84_98, FALSE,0.7615114776876385,True,5,True,True
84_114, FALSE,0.6394713839208565,True,6,True,True
84_130, FALSE,0.5710481972810444,True,7,True,True
84_148, FALSE,0.7975992927178455,True,8,True,True
84_165, FALSE,0.5461387426258716,True,9,True,True
85_45, TRUE,0.7000792563348504,True,2,True,True
85_61, TRUE,0.5662152934899393,True,3,True,True
85_78, TRUE,0.6031221916568452,True,4,True,True
85_94, TRUE,0.6756709871817498,True,5,True,True
85_110, TRUE,0.7018256941926515,True,6,True,True
85_126, FALSE,0.5239950962994925,True,7,True,True
85_142, TRUE,0.7937074654725098,True,8,True,True
85_159, TRUE,0.6918602136464688,True,9,True,True
86_48, FALSE,0.4314747096038647,False,2,True,True
86_65, FALSE,0.41192566298031685,False,3,False,True
86_82, FALSE,0.5236135206549002,True,4,False,True
86_98, TRUE,0.4820490261052837,False,5,True,True
86_114, FALSE,0.6316679687541141,True,6,True,True
86_130, FALSE,0.5785533022143275,True,7,True,True
86_148, TRUE,0.2762128686521158,False,8,False,True
86_165, FALSE,0.5754528855184616,True,9,True,True
87_46, TRUE,0.5200574058203743,True,2,True,False
87_62, FALSE,0.5936387241729135,True,3,True,False
87_78, FALSE,0.6219284757361696,True,4,True,False
87_94, FALSE,0.532601792030294,True,5,False,False
87_110, FALSE,0.7032438574233528,True,6,True,False
87_126, FALSE,0.6466014200859466,True,7,True,False
87_144, TRUE,0.29731053519837625,False,8,False,False
87_161, TRUE,0.5241958315310152,True,9,True,False
88_47, FALSE,0.5100475297364939,True,2,False,False
88_63, TRUE,0.54226777309079,True,3,True,False
88_81, FALSE,0.6696098366180655,True,4,True,False
88_97, TRUE,0.6003082840069529,True,5,True,False
88_113, TRUE,0.44521951507700047,False,6,True,False
88_131, FALSE,0.7841370299965281,True,7,True,False
88_147, TRUE,0.696080209991673,True,8,True,False
88_163, FALSE,0.6024006127483377,True,9,True,False
89_46, FALSE,0.403317127752442,False,2,True,True
89_62, TRUE,0.5119291457981742,True,3,True,True
89_78, TRUE,0.5538512420198493,True,4,True,True
89_94, FALSE,0.6843950357181793,True,5,True,True
89_110, TRUE,0.5131176466721342,True,6,True,True
89_126, FALSE,0.7106314570315609,True,7,True,True
89_142, TRUE,0.6997347323547415,True,8,True,True
89_158, FALSE,0.817355870498426,True,9,True,True
90_49, FALSE,0.5649087415268753,True,2,True,False
90_65, FALSE,0.5418199074135412,True,3,True,False
90_81, FALSE,0.5426124294287862,True,4,True,False
90_97, FALSE,0.6548102312002351,True,5,True,False
90_113, TRUE,0.606325465423203,True,6,True,False
90_130, FALSE,0.8459841754061238,True,7,False,False
90_146, TRUE,0.24698004206561566,False,8,True,False
90_162, TRUE,0.6059547899002121,True,9,True,False
91_47, FALSE,0.5955063538385442,True,2,True,False
91_66, FALSE,0.5500777792503144,True,3,True,False
91_84, FALSE,0.6536063830982966,True,4,True,False
91_100, TRUE,0.568835955986179,True,5,True,False
91_116, FALSE,0.7494813302616077,True,6,False,False
91_133, FALSE,0.7023450692849776,True,7,False,False
91_149, TRUE,0.2852311560219449,False,8,True,False
91_165, FALSE,0.8710666768433185,True,9,True,False
92_49, FALSE,0.5093716173245972,True,2,True,True
92_65, FALSE,0.5532658123178035,True,3,True,True
92_82, TRUE,0.4463240574406257,False,4,True,True
92_98, TRUE,0.47848694758029364,False,5,True,True
92_114, FALSE,0.6991501409650532,True,6,False,True
92_132, FALSE,0.6345106056396578,True,7,True,True
92_148, TRUE,0.47310849898115076,False,8,True,True
92_164, FALSE,0.7824404923654636,True,9,True,True
93_46, TRUE,0.45890375775107894,False,2,True,True
93_63, FALSE,0.6672450862905034,True,3,False,True
93_79, FALSE,0.5211170559056755,True,4,True,True
93_95, TRUE,0.5578867021955687,True,5,True,True
93_111, FALSE,0.7078766581111907,True,6,False,True
93_127, FALSE,0.5744563115362352,True,7,True,True
93_145, TRUE,0.4064983968581709,False,8,False,True
93_161, FALSE,0.7859901737942458,True,9,True,True
94_47, FALSE,0.5174879986194971,True,2,False,True
94_64, FALSE,0.455523121904017,False,3,False,True
94_80, FALSE,0.5619164037819038,True,4,True,True
94_96, TRUE,0.4738284160669114,False,5,True,True
94_112, TRUE,0.4171768653058752,False,6,True,True
94_128, FALSE,0.7204658300466946,True,7,True,True
94_144, TRUE,0.4618690158709741,False,8,True,True
94_160, FALSE,0.7286736255168813,True,9,False,True
95_48, FALSE,0.47307429832395603,False,2,True,False
95_64, TRUE,0.5583345303556516,True,3,True,False
95_80, TRUE,0.5299010832450708,True,4,True,False
95_96, FALSE,0.7452680240842826,True,5,True,False
95_112, TRUE,0.6372592276090697,True,6,True,False
95_130, FALSE,0.76183898698769,True,7,True,False
95_146, TRUE,0.5418975469275165,True,8,True,False
95_162, FALSE,0.8828100328327522,True,9,False,False
96_47, FALSE,0.5192889749543893,True,2,True,True
96_63, FALSE,0.5404814734780715,True,3,True,True
96_80, FALSE,0.5052478822831461,True,4,False,True
96_96, FALSE,0.6943350653758377,True,5,False,True
96_112, FALSE,0.6314052293117323,True,6,True,True
96_128, FALSE,0.634607022495603,True,7,True,True
96_146, TRUE,0.2204086291753472,False,8,False,True
96_162, FALSE,0.6358454001646898,True,9,True,True
97_45, TRUE,0.4683517550502975,False,2,True,False
97_64, FALSE,0.5637148019915132,True,3,True,False
97_82, FALSE,0.5329464796491785,True,4,True,False
97_98, TRUE,0.6726770103680064,True,5,True,False
97_114, TRUE,0.6003485569637464,True,6,True,False
97_132, FALSE,0.7021775732753022,True,7,True,False
97_150, TRUE,0.4726920185564132,False,8,False,False
97_166, FALSE,0.5532441261564972,True,9,False,False
98_47, FALSE,0.48311971763476097,False,2,True,True
98_66, FALSE,0.5451599204535548,True,3,True,True
98_83, TRUE,0.49739265613419187,False,4,True,True
98_99, TRUE,0.49463675570813037,False,5,True,True
98_115, FALSE,0.604004844259807,True,6,False,True
98_132, FALSE,0.6657773571908073,True,7,False,True
98_150, TRUE,0.25814990138671967,False,8,False,True
98_166, TRUE,0.6168168105336413,True,9,True,True
99_48, FALSE,0.5467202051220958,True,2,True,True
99_65, FALSE,0.4848412094927158,False,3,False,True
99_83, FALSE,0.5647774695935516,True,4,True,True
99_99, FALSE,0.7057612884422082,True,5,False,True
99_115, FALSE,0.6532141814900538,True,6,False,True
99_133, FALSE,0.7337485359393859,True,7,True,True
99_149, TRUE,0.31603684809569216,False,8,True,True
99_166, FALSE,0.659078665872871,True,9,True,True
100_48, FALSE,0.5638789922063854,True,2,True,False
100_64, FALSE,0.5169755730156618,True,3,True,False
100_82, FALSE,0.5872793671723747,True,4,True,False
100_98, TRUE,0.5431643037759224,True,5,True,False
100_114, TRUE,0.3506011536949585,False,6,True,False
100_132, FALSE,0.7411964873711123,True,7,True,False
100_150, TRUE,0.1954848869603109,False,8,False,False
100_166, FALSE,0.6900461534256335,True,9,True,False
101_45, FALSE,0.6140414751847554,True,2,False,False
101_61, TRUE,0.5313480659761918,True,3,True,False
101_77, FALSE,0.7097560266837993,True,4,True,False
101_93, TRUE,0.69343726119237,True,5,True,False
101_109, TRUE,0.38794209862204715,False,6,True,False
101_126, FALSE,0.8483141446864945,True,7,False,False
101_142, TRUE,0.7844841649973647,True,8,True,False
101_158, FALSE,0.8913637642563049,True,9,True,False
102_47, TRUE,0.5634192327889782,True,2,True,True
102_63, FALSE,0.6324557318423579,True,3,True,True
102_81, FALSE,0.5890849261274417,True,4,True,True
102_97, FALSE,0.613195846058283,True,5,True,True
102_113, FALSE,0.6818757658879788,True,6,False,True
102_129, FALSE,0.6143686893660727,True,7,True,True
102_145, TRUE,0.4990062763083884,False,8,True,True
102_161, FALSE,0.6079995943101768,True,9,True,True
103_46, TRUE,0.5473393236833406,True,2,True,True
103_62, FALSE,0.6254559818060897,True,3,True,True
103_79, FALSE,0.570372460308307,True,4,False,True
103_95, FALSE,0.5418397575047375,True,5,True,True
103_111, FALSE,0.6312099124970157,True,6,True,True
103_127, FALSE,0.4995927925900297,False,7,True,True
103_145, TRUE,0.3244151099832782,False,8,False,True
103_161, FALSE,0.6498894523326846,True,9,False,True
104_46, TRUE,0.4406902047633692,False,2,True,False
104_63, FALSE,0.5765941245749382,True,3,False,False
104_80, TRUE,0.575662531193474,True,4,True,False
104_96, TRUE,0.5732407992579338,True,5,True,False
104_112, FALSE,0.7296544952982458,True,6,True,False
104_128, FALSE,0.48592560656984285,False,7,True,False
104_144, TRUE,0.7927683646646605,True,8,True,False
104_160, TRUE,0.8336803227761386,True,9,True,False
105_48, FALSE,0.5984478947390416,True,2,True,False
105_67, FALSE,0.6417785072595541,True,3,True,False
105_84, FALSE,0.6150652688615582,True,4,False,False
105_100, TRUE,0.5992131048411814,True,5,True,False
105_116, FALSE,0.7998945581825453,True,6,False,False
105_132, FALSE,0.7421122922339942,True,7,True,False
105_150, TRUE,0.44358157616495913,False,8,False,False
105_166, FALSE,0.9043318631901008,True,9,True,False
106_45, FALSE,0.4692323732396314,False,2,False,True
106_61, FALSE,0.5191899567812095,True,3,True,True
106_77, TRUE,0.579198664459278,True,4,True,True
106_93, TRUE,0.4019491105044454,False,5,True,True
106_109, FALSE,0.66590975338383,True,6,True,True
106_125, FALSE,0.6965827217722992,True,7,True,True
106_141, TRUE,0.6600285795827029,True,8,True,True
106_157, TRUE,0.6590975264335324,True,9,True,True
107_48, TRUE,0.5405885153076819,True,2,True,True
107_64, FALSE,0.5708603454964265,True,3,True,True
107_81, FALSE,0.5467702686846808,True,4,False,True
107_97, TRUE,0.5859269462229296,True,5,True,True
107_113, FALSE,0.6933805073642826,True,6,True,True
107_131, FALSE,0.556284731345625,True,7,True,True
107_147, TRUE,0.6666773820116731,True,8,True,True
107_164, FALSE,0.6878929731954826,True,9,True,True
108_49, FALSE,0.6275670274992338,True,2,True,False
108_65, TRUE,0.5487991144594608,True,3,True,False
108_81, FALSE,0.7566337300466448,True,4,True,False
108_97, TRUE,0.7162627916516091,True,5,True,False
108_113, FALSE,0.8931518769508736,True,6,True,False
108_131, FALSE,0.6005343396404887,True,7,True,False
108_147, TRUE,0.7694769924160958,True,8,True,False
108_163, FALSE,0.6653995157446015,True,9,True,False
109_47, TRUE,0.5826181458024347,True,2,True,False
109_64, FALSE,0.5475708664953709,True,3,False,False
109_81, FALSE,0.5036363108885591,True,4,False,False
109_97, TRUE,0.5394239444679929,True,5,True,False
109_113, FALSE,0.6351216465263816,True,6,True,False
109_132, FALSE,0.5934427036163292,True,7,True,False
109_148, TRUE,0.6796174247866675,True,8,True,False
109_164, FALSE,0.6986684488030226,True,9,True,False
110_45, FALSE,0.4383925688141753,False,2,False,True
110_61, FALSE,0.546180349965921,True,3,True,True
110_78, TRUE,0.4152878452901038,False,4,True,True
110_94, TRUE,0.49678996910391215,False,5,True,True
110_110, FALSE,0.6327837674219834,True,6,True,True
110_126, FALSE,0.7015805183535534,True,7,True,True
110_142, TRUE,0.7061769856699474,True,8,True,True
110_159, FALSE,0.5180775768426622,True,9,True,True
111_47, FALSE,0.5654252828826005,True,2,True,False
111_66, FALSE,0.5557620394527291,True,3,True,False
111_83, TRUE,0.48457254857174675,False,4,True,False
111_99, TRUE,0.4460205537074552,False,5,True,False
111_115, FALSE,0.6808669951645708,True,6,False,False
111_133, FALSE,0.7438256788456113,True,7,True,False
111_149, TRUE,0.616823116434246,True,8,True,False
111_165, FALSE,0.7800550609205981,True,9,False,False
112_48, FALSE,0.5703500284958207,True,2,True,False
112_64, FALSE,0.5851789316789078,True,3,True,False
112_80, FALSE,0.5657392689498184,True,4,True,False
112_96, TRUE,0.7133239535880777,True,5,True,False
112_112, FALSE,0.8227666924707758,True,6,True,False
112_130, FALSE,0.8611254154562951,True,7,True,False
112_146, TRUE,0.7922872730660094,True,8,True,False
112_162, TRUE,0.6679756342142991,True,9,True,False
113_46, FALSE,0.5731036312366548,True,2,True,False
113_62, FALSE,0.629797727108824,True,3,True,False
113_79, FALSE,0.5423293244130205,True,4,False,False
113_95, FALSE,0.737237982302871,True,5,False,False
113_111, FALSE,0.6995535834694184,True,6,True,False
113_130, FALSE,0.8460825562579581,True,7,True,False
113_146, TRUE,0.11752226852952201,False,8,True,False
113_162, FALSE,0.6917902617167413,True,9,True,False
114_49, FALSE,0.47506304203823524,False,2,True,True
114_65, FALSE,0.5127478717433631,True,3,True,True
114_82, TRUE,0.47997405854526115,False,4,True,True
114_98, TRUE,0.47139814650169176,False,5,True,True
114_114, TRUE,0.42182718400725544,False,6,True,True
114_133, FALSE,0.694911987436207,True,7,True,True
114_151, FALSE,0.8992030016184878,True,8,True,True
114_167, FALSE,0.7632418721245932,True,9,True,True
115_47, FALSE,0.5042304090504288,True,2,True,False
115_63, TRUE,0.5359533654856646,True,3,True,False
115_80, TRUE,0.3780060206623385,False,4,True,False
115_96, FALSE,0.6582210018356052,True,5,True,False
115_112, FALSE,0.5245830629429733,True,6,True,False
115_129, FALSE,0.39190949613545006,False,7,False,False
115_145, TRUE,0.6394089400144313,True,8,True,False
115_161, FALSE,0.7059014742352088,True,9,True,False
116_49, FALSE,0.5687470636037117,True,2,True,False
116_68, FALSE,0.6299960573968336,True,3,True,False
116_84, FALSE,0.5936212106259554,True,4,True,False
116_100, TRUE,0.45929588620649014,False,5,True,False
116_116, FALSE,0.703110110217296,True,6,True,False
116_134, FALSE,0.729156831123559,True,7,True,False
116_150, TRUE,0.6712289932386427,True,8,True,False
116_166, FALSE,0.8490914908416889,True,9,True,False
117_48, FALSE,0.5636876007889629,True,2,True,False
117_64, TRUE,0.5590013810709026,True,3,True,False
117_80, FALSE,0.6437615767035095,True,4,True,False
117_96, TRUE,0.7009364114067052,True,5,True,False
117_112, FALSE,0.7225728862525336,True,6,False,False
117_131, FALSE,0.6292977417443958,True,7,True,False
117_147, TRUE,0.6897800935162554,True,8,True,False
117_163, FALSE,0.9307983598237282,True,9,True,False
118_46, FALSE,0.5510368073948724,True,2,True,False
118_62, TRUE,0.5059392206402176,True,3,True,False
118_78, FALSE,0.7594094653850405,True,4,True,False
118_94, FALSE,0.6120904804346824,True,5,True,False
118_110, FALSE,0.6255873413306174,True,6,True,False
118_126, FALSE,0.8088516905750716,True,7,True,False
118_142, TRUE,0.7870406438822921,True,8,True,False
118_158, FALSE,0.9167100985213535,True,9,True,False
119_45, FALSE,0.5352132829952748,True,2,False,True
119_64, FALSE,0.5664111124075911,True,3,True,True
119_80, TRUE,0.5891320164176158,True,4,True,True
119_96, TRUE,0.39641586936096257,False,5,True,True
119_112, TRUE,0.4651597199467938,False,6,True,True
119_128, FALSE,0.7400936464564402,True,7,True,True
119_146, TRUE,0.242349912835577,False,8,False,True
119_162, FALSE,0.5594226145370936,True,9,False,True
120_47, FALSE,0.6074940155244668,True,2,True,False
120_66, FALSE,0.5565521081536786,True,3,True,False
120_83, TRUE,0.5468809022821102,True,4,True,False
120_99, TRUE,0.4585684446879108,False,5,True,False
120_115, FALSE,0.7074418386178245,True,6,True,False
120_132, FALSE,0.629052979320354,True,7,False,False
120_148, TRUE,0.6513982084074831,True,8,True,False
120_165, TRUE,0.5782714172021661,True,9,True,False
121_47, TRUE,0.6198884193159754,True,2,True,True
121_64, FALSE,0.6631144273712685,True,3,False,True
121_81, TRUE,0.5533186229820327,True,4,True,True
121_97, FALSE,0.7125206269339159,True,5,True,True
121_113, TRUE,0.7248116728012652,True,6,True,True
121_131, FALSE,0.8226626758140989,True,7,True,True
121_149, FALSE,0.6628007354305481,True,8,True,True
121_165, FALSE,0.5399082446346646,True,9,False,True
122_46, TRUE,0.5825550358703651,True,2,True,False
122_62, TRUE,0.5579779826154139,True,3,True,False
122_79, TRUE,0.5753065708609058,True,4,True,False
122_95, FALSE,0.49225203024755837,False,5,False,False
122_111, TRUE,0.5018119495680408,True,6,True,False
122_128, FALSE,0.4772077317764042,False,7,False,False
122_146, TRUE,0.5425262586071574,True,8,False,False
122_163, TRUE,0.5971280115130747,True,9,True,False
123_45, FALSE,0.6573623243795012,True,2,False,False
123_64, FALSE,0.6281321207922024,True,3,True,False
123_81, TRUE,0.47004571305139625,False,4,True,False
123_97, TRUE,0.3879067938067114,False,5,True,False
123_113, FALSE,0.6419363588311489,True,6,True,False
123_131, FALSE,0.677880662893475,True,7,True,False
123_147, TRUE,0.7090844310228271,True,8,True,False
123_163, FALSE,0.8768100051561323,True,9,True,False
124_45, TRUE,0.7125221570488107,True,2,True,True
124_64, FALSE,0.6736547699471729,True,3,True,True
124_80, TRUE,0.7204973452343688,True,4,True,True
124_96, TRUE,0.2579906213257314,False,5,True,True
124_112, FALSE,0.7322060260966208,True,6,True,True
124_130, FALSE,0.6765422616337129,True,7,True,True
124_146, TRUE,0.5820540098873759,True,8,True,True
124_162, FALSE,0.7415848337071089,True,9,False,True
125_46, FALSE,0.657510936146888,True,2,False,False
125_65, FALSE,0.5774162479920877,True,3,True,False
125_81, TRUE,0.6513271680504954,True,4,True,False
125_97, FALSE,0.8033618835857484,True,5,True,False
125_113, FALSE,0.5549924841479026,True,6,True,False
125_129, FALSE,0.6954018811359817,True,7,True,False
125_147, TRUE,0.22298091979021967,False,8,False,False
125_163, FALSE,0.7223510753462823,True,9,False,False
126_46, TRUE,0.3710725295060506,False,2,True,False
126_63, FALSE,0.6466519689913677,True,3,False,False
126_79, FALSE,0.5602667459268245,True,4,True,False
126_95, TRUE,0.6758908222375654,True,5,True,False
126_111, FALSE,0.8517115715052375,True,6,True,False
126_127, FALSE,0.6633444685613652,True,7,True,False
126_143, TRUE,0.8443037027493994,True,8,True,False
126_160, FALSE,0.7140208443786255,True,9,True,False
127_47, FALSE,0.5159667443266076,True,2,True,True
127_64, FALSE,0.6634236683746186,True,3,False,True
127_81, TRUE,0.4494275582397298,False,4,True,True
127_97, TRUE,0.37231886958268146,False,5,True,True
127_113, FALSE,0.6635216377208861,True,6,False,True
127_130, FALSE,0.6604393322250136,True,7,False,True
127_148, FALSE,0.7155350424410692,True,8,True,True
127_164, FALSE,0.5675621249279275,True,9,True,True
128_46, TRUE,0.4524678674745716,False,2,True,False
128_65, FALSE,0.5670115375750556,True,3,True,False
128_82, FALSE,0.46399824634987935,False,4,False,False
128_98, TRUE,0.6613609642199093,True,5,True,False
128_114, TRUE,0.4683821504009816,False,6,True,False
128_130, FALSE,0.5830002371421947,True,7,True,False
128_146, TRUE,0.7457471618645269,True,8,True,False
128_163, TRUE,0.5763556714881483,True,9,True,False
129_48, FALSE,0.4100630689705491,False,2,True,True
129_64, FALSE,0.5727601457017749,True,3,True,True
129_81, TRUE,0.4740994591270336,False,4,True,True
129_97, TRUE,0.5188090376132928,True,5,True,True
129_113, FALSE,0.7167548227312697,True,6,False,True
129_129, FALSE,0.7103261837765386,True,7,True,True
129_145, TRUE,0.6662533808192704,True,8,True,True
129_161, FALSE,0.6948076582479651,True,9,True,True
130_46, FALSE,0.5563317893668498,True,2,False,True
130_62, FALSE,0.6729474231410202,True,3,True,True
130_78, FALSE,0.670567842033967,True,4,True,True
130_94, FALSE,0.776085758585966,True,5,False,True
130_110, TRUE,0.3509590959657499,False,6,True,True
130_126, FALSE,0.8323096230461356,True,7,True,True
130_142, TRUE,0.4362044992650288,False,8,True,True
130_158, TRUE,0.6003860814528782,True,9,True,True
131_47, TRUE,0.5131290937808829,True,2,True,False
131_63, TRUE,0.5660035583703351,True,3,True,False
131_79, TRUE,0.6051293132225378,True,4,True,False
131_95, TRUE,0.5779225243504099,True,5,True,False
131_111, FALSE,0.5276759381351529,True,6,True,False
131_127, FALSE,0.5543941379002089,True,7,True,False
131_143, TRUE,0.776516360174162,True,8,True,False
131_159, TRUE,0.7205680365476207,True,9,True,False
132_46, FALSE,0.5410792453063968,True,2,True,False
132_62, FALSE,0.592838798042973,True,3,True,False
132_79, TRUE,0.4655070746006655,False,4,True,False
132_95, FALSE,0.8148224511792049,True,5,False,False
132_111, FALSE,0.7246480717228919,True,6,True,False
132_130, FALSE,0.6995832093786781,True,7,True,False
132_146, TRUE,0.5291198667663708,True,8,True,False
132_163, FALSE,0.7136546066745554,True,9,True,False
133_46, TRUE,0.48703296827696146,False,2,True,True
133_62, FALSE,0.5894015958654992,True,3,True,True
133_80, FALSE,0.5588095189857769,True,4,True,True
133_96, TRUE,0.5339822636420977,True,5,True,True
133_112, TRUE,0.41099075482994385,False,6,True,True
133_128, FALSE,0.7689562394661769,True,7,True,True
133_144, TRUE,0.7617358718013169,True,8,True,True
133_161, FALSE,0.5821793041947451,True,9,True,True
134_47, FALSE,0.4762542016990226,False,2,False,True
134_66, FALSE,0.556522012927486,True,3,True,True
134_83, TRUE,0.47198656680952716,False,4,True,True
134_99, TRUE,0.4567807989534337,False,5,True,True
134_115, TRUE,0.3762971803228955,False,6,True,True
134_133, FALSE,0.7204404898478427,True,7,True,True
134_149, TRUE,0.514382181478822,True,8,True,True
134_165, TRUE,0.6817747891970862,True,9,True,True
135_45, FALSE,0.5755731240021821,True,2,False,False
135_61, FALSE,0.5136122604833476,True,3,True,False
135_78, TRUE,0.534037300322383,True,4,True,False
135_94, FALSE,0.7456184114993614,True,5,True,False
135_110, TRUE,0.6566573957598875,True,6,True,False
135_126, FALSE,0.8036930954334974,True,7,True,False
135_144, FALSE,0.6275081732377147,True,8,True,False
135_160, TRUE,0.5983763625605324,True,9,True,False
136_47, FALSE,0.4817128756312205,False,2,True,False
136_63, TRUE,0.5141420620115419,True,3,True,False
136_79, FALSE,0.6665434329343075,True,4,True,False
136_95, TRUE,0.6274261285794585,True,5,True,False
136_111, TRUE,0.47842982131330847,False,6,True,False
136_127, FALSE,0.836696388300435,True,7,True,False
136_145, TRUE,0.22137698352743343,False,8,False,False
136_162, TRUE,0.5933460719826106,True,9,True,False
137_46, FALSE,0.4217062270666952,False,2,True,True
137_62, FALSE,0.6015880767240621,True,3,True,True
137_79, TRUE,0.4387156964759753,False,4,True,True
137_95, TRUE,0.47706306992237196,False,5,True,True
137_111, FALSE,0.7519328781461322,True,6,False,True
137_128, FALSE,0.6899000784198933,True,7,False,True
137_146, FALSE,0.7917204228582746,True,8,True,True
137_162, TRUE,0.7136117092835945,True,9,True,True
138_45, TRUE,0.6245305810000746,True,2,True,True
138_61, TRUE,0.526844903463705,True,3,True,True
138_77, FALSE,0.646328529199802,True,4,True,True
138_93, FALSE,0.5433526830847345,True,5,False,True
138_109, FALSE,0.4179385534548253,False,6,True,True
138_125, FALSE,0.6605334340274271,True,7,True,True
138_143, TRUE,0.3162578956259273,False,8,False,True
138_159, FALSE,0.6065676143474261,True,9,True,True
139_47, FALSE,0.47485374584501006,False,2,False,True
139_63, FALSE,0.4956217744059358,False,3,True,True
139_81, FALSE,0.5834360749782063,True,4,True,True
139_97, TRUE,0.4335682925662699,False,5,True,True
139_113, FALSE,0.756519882704027,True,6,False,True
139_129, FALSE,0.6436915583853736,True,7,True,True
139_145, TRUE,0.5260403526595515,True,8,True,True
139_161, FALSE,0.7497405530718413,True,9,True,True
140_47, FALSE,0.6020506207459443,True,2,True,False
140_63, FALSE,0.5887727465201267,True,3,True,False
140_81, FALSE,0.7120601450742282,True,4,True,False
140_97, FALSE,0.7357847626617052,True,5,True,False
140_113, FALSE,0.709990164664751,True,6,True,False
140_131, FALSE,0.7802833737844685,True,7,True,False
140_147, TRUE,0.5300673780529822,True,8,True,False
140_164, FALSE,0.703832627352023,True,9,True,False
141_46, FALSE,0.5895899394948386,True,2,True,False
141_62, FALSE,0.6100669482104937,True,3,True,False
141_79, FALSE,0.5176004250292768,True,4,False,False
141_95, FALSE,0.7326785346023434,True,5,False,False
141_111, FALSE,0.8108565398473557,True,6,True,False
141_130, FALSE,0.856082051375526,True,7,True,False
141_148, FALSE,0.8211052111508186,True,8,True,False
141_164, TRUE,0.5221765159943954,True,9,True,False
142_46, FALSE,0.5437814254901819,True,2,True,False
142_63, FALSE,0.5559852765329818,True,3,False,False
142_79, TRUE,0.7649327665340219,True,4,True,False
142_95, FALSE,0.8428120995084869,True,5,True,False
142_111, FALSE,0.6358851047524368,True,6,False,False
142_127, FALSE,0.7911114963877438,True,7,True,False
142_145, TRUE,0.28118966032607573,False,8,False,False
142_161, FALSE,0.8576260965859717,True,9,True,False
143_48, FALSE,0.51391334718017,True,2,False,True
143_64, FALSE,0.5686132788793105,True,3,True,True
143_80, TRUE,0.5359827625701233,True,4,True,True
143_96, TRUE,0.32024721417075064,False,5,True,True
143_112, TRUE,0.38181815040046835,False,6,True,True
143_128, FALSE,0.7560551595724648,True,7,True,True
143_144, TRUE,0.3630142072545157,False,8,True,True
143_160, TRUE,0.7257275871248503,True,9,True,True
144_47, TRUE,0.515335073931195,True,2,True,False
144_63, FALSE,0.5195261021525852,True,3,True,False
144_81, FALSE,0.6082632339973745,True,4,True,False
144_97, TRUE,0.5631658810605057,True,5,True,False
144_113, FALSE,0.752877351741615,True,6,True,False
144_130, FALSE,0.5463581120736803,True,7,False,False
144_146, TRUE,0.6321391262109803,True,8,True,False
144_163, FALSE,0.5799106857620827,True,9,True,False
145_45, TRUE,0.6876988204811344,True,2,True,True
145_61, TRUE,0.5381622460984566,True,3,True,True
145_78, FALSE,0.587795230362231,True,4,False,True
145_94, FALSE,0.5478411384767918,True,5,False,True
145_110, FALSE,0.6114100731729606,True,6,False,True
145_129, FALSE,0.5979793437200549,True,7,True,True
145_145, TRUE,0.5794487329764968,True,8,True,True
145_161, FALSE,0.619728432218975,True,9,False,True
146_45, FALSE,0.5680779516997482,True,2,False,False
146_61, TRUE,0.5357237363265477,True,3,True,False
146_79, FALSE,0.7261237852367641,True,4,True,False
146_95, TRUE,0.6438167178230041,True,5,True,False
146_111, FALSE,0.7865811585484449,True,6,True,False
146_129, FALSE,0.7084962859272875,True,7,True,False
146_147, FALSE,0.758801868068298,True,8,True,False
146_163, FALSE,0.9090783391358017,True,9,True,False
147_46, FALSE,0.5388154423735837,True,2,True,False
147_63, FALSE,0.5750661089693235,True,3,False,False
147_81, FALSE,0.6756016036930281,True,4,True,False
147_97, FALSE,0.74093661685453,True,5,False,False
147_113, FALSE,0.5628373709144088,True,6,False,False
147_129, FALSE,0.8864542069876912,True,7,True,False
147_147, FALSE,0.9078468771859359,True,8,True,False
147_163, FALSE,0.928713214892387,True,9,True,False
148_47, FALSE,0.5541151543716247,True,2,False,False
148_63, FALSE,0.5204211088949567,True,3,True,False
148_81, FALSE,0.5904010157827132,True,4,True,False
148_97, TRUE,0.44706421539762253,False,5,True,False
148_113, FALSE,0.713460469952035,True,6,False,False
148_130, FALSE,0.5835714070622174,True,7,False,False
148_146, TRUE,0.5699985019136029,True,8,True,False
148_163, FALSE,0.5990133283749959,True,9,True,False
149_49, FALSE,0.5331591462237761,True,2,True,True
149_65, FALSE,0.6358082778972038,True,3,True,True
149_82, TRUE,0.3421764667881076,False,4,True,True
149_98, FALSE,0.6994533419702317,True,5,False,True
149_114, FALSE,0.6085922148032531,True,6,True,True
149_130, FALSE,0.5350604688989594,True,7,True,True
149_146, TRUE,0.5168240962644626,True,8,True,True
149_163, FALSE,0.6694494366118354,True,9,True,True
150_45, TRUE,0.6075676711343388,True,2,True,True
150_61, FALSE,0.5963184086217682,True,3,True,True
150_78, FALSE,0.45450242764380455,False,4,False,True
150_94, FALSE,0.47770926779739986,False,5,False,True
150_110, FALSE,0.6242765401865091,True,6,True,True
150_128, FALSE,0.6938595905876693,True,7,True,True
150_144, TRUE,0.38889992174893045,False,8,True,True
150_161, FALSE,0.6393728673104224,True,9,True,True
