,token,normedProbCorrect,ifCorrect,numResponsesBefore,ifMatch,ifContextHumanFirst,ifPicked
1_sheep_ocean, FALSE,0.6667952252530811,True,2,True,False,False
1_doctor_store, TRUE,0.41573901974376254,False,2,True,False,False
1_student_apartment, TRUE,0.46587724851912987,False,2,True,False,False
1_butcher_skyscraper, TRUE,0.4751629414272022,False,2,True,False,True
1_toddler_stream, TRUE,0.4324921269138593,False,2,False,False,False
2_chipmunk_forest, FALSE,0.5370774624756899,True,3,True,False,False
2_ant_savannah, FALSE,0.5163201130612927,True,3,True,False,True
2_architect_hospital, TRUE,0.5457926549894807,True,3,True,False,False
2_crocodile_cave, FALSE,0.459650200545249,False,3,True,False,False
2_engineer_ocean, TRUE,0.4787468214071232,False,3,False,False,False
3_sheep_cave, FALSE,0.4866870123867239,False,4,True,False,True
3_woman_office, TRUE,0.7019006814715205,True,4,True,False,False
3_butcher_museum, TRUE,0.5877083344480847,True,4,True,False,False
3_toddler_house, TRUE,0.636286911059209,True,4,True,False,False
3_human_tundra, TRUE,0.5305719159137986,True,4,False,False,False
4_soldier_hospital, TRUE,0.4416024305065839,False,5,True,False,True
4_butcher_alley, TRUE,0.1685552137056176,False,5,True,False,False
4_crocodile_creek, FALSE,0.7328264382722446,True,5,True,False,False
4_salamander_lake, FALSE,0.6932182772307119,True,5,True,False,False
4_condor_hospital, FALSE,0.7900631337840335,True,5,False,False,False
5_lion_savannah, FALSE,0.5848232908754324,True,6,True,False,False
5_human_library, TRUE,0.5776824246212847,True,6,True,False,True
5_sheep_creek, FALSE,0.7354027072415837,True,6,True,False,False
5_human_store, TRUE,0.6008747085705481,True,6,True,False,False
5_chipmunk_hospital, FALSE,0.6629618905864441,True,6,False,False,False
6_soldier_skyscraper, TRUE,0.48519092512591816,False,7,True,False,True
6_student_library, TRUE,0.6260509501459396,True,7,True,False,False
6_lion_ocean, FALSE,0.8221863323483928,True,7,True,False,False
6_condor_delta, FALSE,0.7827824874329323,True,7,True,False,False
6_shark_house, FALSE,0.7636476695624741,True,7,False,False,False
7_bee_savannah, FALSE,0.7608763028904633,True,8,True,False,False
7_chipmunk_delta, FALSE,0.7488712900472284,True,8,True,False,False
7_doctor_condominium, TRUE,0.5275637141262599,True,8,True,False,True
7_woman_restaurant, TRUE,0.6416679804519808,True,8,True,False,False
7_ant_condominium, FALSE,0.729742534715665,True,8,False,False,False
8_soldier_museum, TRUE,0.5876316541917895,True,9,True,False,True
8_soldier_alley, TRUE,0.6007109308785291,True,9,True,False,False
8_banker_hospital, TRUE,0.6373438741104288,True,9,True,False,False
8_lion_cave, FALSE,0.7412915786270007,True,9,True,False,False
8_engineer_cave, TRUE,0.31593047146361575,False,9,False,False,False
9_sheep_ocean, FALSE,0.5959960056027732,True,2,True,False,False
9_doctor_store, TRUE,0.5190309244425676,True,2,True,False,True
9_student_apartment, TRUE,0.599580356798553,True,2,True,False,False
9_butcher_skyscraper, TRUE,0.45398795725294383,False,2,True,False,False
9_toddler_stream, TRUE,0.5360263528626555,True,2,False,False,False
10_chipmunk_forest, FALSE,0.5261297536707211,True,3,True,False,False
10_ant_savannah, FALSE,0.5468062656899055,True,3,True,False,False
10_architect_hospital, TRUE,0.5478430532838566,True,3,True,False,False
10_crocodile_cave, FALSE,0.5022859340729521,True,3,True,False,True
10_engineer_ocean, TRUE,0.4331954631282155,False,3,False,False,False
11_sheep_cave, FALSE,0.6043843242993323,True,4,True,False,False
11_woman_office, TRUE,0.571753519571903,True,4,True,False,False
11_butcher_museum, TRUE,0.30052902100414786,False,4,True,False,False
11_toddler_house, TRUE,0.49084099963789474,False,4,True,False,True
11_human_tundra, TRUE,0.3202264470023973,False,4,False,False,False
12_soldier_hospital, TRUE,0.4575494904264911,False,5,True,False,True
12_butcher_alley, TRUE,0.3728405303973353,False,5,True,False,False
12_crocodile_creek, FALSE,0.6973448999929674,True,5,True,False,False
12_salamander_lake, FALSE,0.6618673804139502,True,5,True,False,False
12_condor_hospital, FALSE,0.6831652255375508,True,5,False,False,False
13_lion_savannah, FALSE,0.5027923109705899,True,6,True,False,True
13_human_library, TRUE,0.5868688078994256,True,6,True,False,False
13_sheep_creek, FALSE,0.6261964996876104,True,6,True,False,False
13_human_store, TRUE,0.559079417615776,True,6,True,False,False
13_chipmunk_hospital, FALSE,0.6287360572080971,True,6,False,False,False
14_soldier_skyscraper, TRUE,0.3810099377293464,False,7,True,False,True
14_student_library, TRUE,0.6372248303128168,True,7,True,False,False
14_lion_ocean, FALSE,0.769859750051285,True,7,True,False,False
14_condor_delta, FALSE,0.6338379993366886,True,7,True,False,False
14_shark_house, FALSE,0.7096522811546847,True,7,False,False,False
15_bee_savannah, FALSE,0.5239360647307514,True,8,True,False,False
15_chipmunk_delta, FALSE,0.5105632330249744,True,8,True,False,True
15_doctor_condominium, TRUE,0.75656558104939,True,8,True,False,False
15_woman_restaurant, TRUE,0.7829329214229012,True,8,True,False,False
15_ant_condominium, FALSE,0.3156147987747602,False,8,False,False,False
16_soldier_museum, TRUE,0.8125514640857607,True,9,True,False,False
16_soldier_alley, TRUE,0.8110279091372611,True,9,True,False,False
16_banker_hospital, TRUE,0.8136210560088991,True,9,True,False,False
16_lion_cave, FALSE,0.5176566200884897,True,9,True,False,True
16_engineer_cave, TRUE,0.3717769852437388,False,9,False,False,False
17_sheep_ocean, FALSE,0.5643066969094942,True,2,True,True,True
17_doctor_store, TRUE,0.5784575108880445,True,2,True,True,False
17_student_apartment, TRUE,0.5786788595093945,True,2,True,True,False
17_butcher_skyscraper, TRUE,0.5693280396094749,True,2,True,True,False
17_toddler_stream, TRUE,0.568072318101531,True,2,False,True,False
18_chipmunk_forest, FALSE,0.49611673558099617,False,3,True,True,True
18_ant_savannah, FALSE,0.5322731684859497,True,3,True,True,False
18_architect_hospital, TRUE,0.5063616641847124,True,3,True,True,False
18_crocodile_cave, FALSE,0.4516448648789887,False,3,True,True,False
18_engineer_ocean, TRUE,0.6163532855551896,True,3,False,True,False
19_sheep_cave, FALSE,0.41106562173279115,False,4,True,True,False
19_woman_office, TRUE,0.5839014287786679,True,4,True,True,False
19_butcher_museum, TRUE,0.43570926960746625,False,4,True,True,False
19_toddler_house, TRUE,0.5285895239587687,True,4,True,True,True
19_human_tundra, TRUE,0.44589705099557464,False,4,False,True,False
20_soldier_hospital, TRUE,0.5897976312651358,True,5,True,True,False
20_butcher_alley, TRUE,0.5793502311659252,True,5,True,True,False
20_crocodile_creek, FALSE,0.4321588537116886,False,5,True,True,False
20_salamander_lake, FALSE,0.44873291569851287,False,5,True,True,False
20_condor_hospital, FALSE,0.45363810572387314,False,5,False,True,True
21_lion_savannah, FALSE,0.5536175031419968,True,6,True,True,False
21_human_library, TRUE,0.5651318782478595,True,6,True,True,False
21_sheep_creek, FALSE,0.5535005556070803,True,6,True,True,False
21_human_store, TRUE,0.5465244867376388,True,6,True,True,True
21_chipmunk_hospital, FALSE,0.4340882875547124,False,6,False,True,False
22_soldier_skyscraper, TRUE,0.5109988728635342,True,7,True,True,False
22_student_library, TRUE,0.6736480514782414,True,7,True,True,False
22_lion_ocean, FALSE,0.4215248275610609,False,7,True,True,False
22_condor_delta, FALSE,0.5082790432531155,True,7,True,True,True
22_shark_house, FALSE,0.5175642498172915,True,7,False,True,False
23_bee_savannah, FALSE,0.647029307135785,True,8,True,True,False
23_chipmunk_delta, FALSE,0.5313157981835892,True,8,True,True,True
23_doctor_condominium, TRUE,0.4441211473464239,False,8,True,True,False
23_woman_restaurant, TRUE,0.5951378305826478,True,8,True,True,False
23_ant_condominium, FALSE,0.6495464710844158,True,8,False,True,False
24_soldier_museum, TRUE,0.3495153863417506,False,9,True,True,False
24_soldier_alley, TRUE,0.41225283151524117,False,9,True,True,True
24_banker_hospital, TRUE,0.3491902327695015,False,9,True,True,False
24_lion_cave, FALSE,0.6848250299902418,True,9,True,True,False
24_engineer_cave, TRUE,0.3529811482800751,False,9,False,True,False
25_sheep_ocean, FALSE,0.647976610509196,True,2,True,True,False
25_doctor_store, TRUE,0.4800501717168438,False,2,True,True,False
25_student_apartment, TRUE,0.49633411068871813,False,2,True,True,True
25_butcher_skyscraper, TRUE,0.4630971018577063,False,2,True,True,False
25_toddler_stream, TRUE,0.4445949115865885,False,2,False,True,False
26_chipmunk_forest, FALSE,0.6386724413514457,True,3,True,True,False
26_ant_savannah, FALSE,0.6474604623059357,True,3,True,True,False
26_architect_hospital, TRUE,0.4297116347467241,False,3,True,True,True
26_crocodile_cave, FALSE,0.5810570155136862,True,3,True,True,False
26_engineer_ocean, TRUE,0.36431630839074014,False,3,False,True,False
27_sheep_cave, FALSE,0.595981303198732,True,4,True,True,False
27_woman_office, TRUE,0.5828556057257659,True,4,True,True,False
27_butcher_museum, TRUE,0.3190078322479968,False,4,True,True,False
27_toddler_house, TRUE,0.4718106716807753,False,4,True,True,True
27_human_tundra, TRUE,0.37334104489972825,False,4,False,True,False
28_soldier_hospital, TRUE,0.5175585044136208,True,5,True,True,True
28_butcher_alley, TRUE,0.4528364796046915,False,5,True,True,False
28_crocodile_creek, FALSE,0.5919913866820831,True,5,True,True,False
28_salamander_lake, FALSE,0.6248043130827111,True,5,True,True,False
28_condor_hospital, FALSE,0.6225893099976361,True,5,False,True,False
29_lion_savannah, FALSE,0.530541480013389,True,6,True,True,True
29_human_library, TRUE,0.6059612057281075,True,6,True,True,False
29_sheep_creek, FALSE,0.6141969580342782,True,6,True,True,False
29_human_store, TRUE,0.6237341747598791,True,6,True,True,False
29_chipmunk_hospital, FALSE,0.7010283551138601,True,6,False,True,False
30_soldier_skyscraper, TRUE,0.3554593078041491,False,7,True,True,False
30_student_library, TRUE,0.5304151312402202,True,7,True,True,True
30_lion_ocean, FALSE,0.7392099204565801,True,7,True,True,False
30_condor_delta, FALSE,0.6511616528868306,True,7,True,True,False
30_shark_house, FALSE,0.7398918306003012,True,7,False,True,False
31_bee_savannah, FALSE,0.8093683890914017,True,8,True,True,False
31_chipmunk_delta, FALSE,0.7502684059887578,True,8,True,True,False
31_doctor_condominium, TRUE,0.4247875840197165,False,8,True,True,True
31_woman_restaurant, TRUE,0.6389426521316637,True,8,True,True,False
31_ant_condominium, FALSE,0.7275650557787378,True,8,False,True,False
32_soldier_museum, TRUE,0.4767547189877332,False,9,True,True,False
32_soldier_alley, TRUE,0.48814803552775254,False,9,True,True,True
32_banker_hospital, TRUE,0.7010587276640183,True,9,True,True,False
32_lion_cave, FALSE,0.7068390267242075,True,9,True,True,False
32_engineer_cave, TRUE,0.4549800816567634,False,9,False,True,False
33_sheep_ocean, FALSE,0.7279995936906432,True,2,True,False,False
33_doctor_store, TRUE,0.4270830931837203,False,2,True,False,False
33_student_apartment, TRUE,0.4544636690272071,False,2,True,False,True
33_butcher_skyscraper, TRUE,0.3944141182866709,False,2,True,False,False
33_toddler_stream, TRUE,0.404913658811553,False,2,False,False,False
34_chipmunk_forest, FALSE,0.6333837156523998,True,3,True,False,False
34_ant_savannah, FALSE,0.6356368975800312,True,3,True,False,False
34_architect_hospital, TRUE,0.4493510898274655,False,3,True,False,True
34_crocodile_cave, FALSE,0.6132094201652095,True,3,True,False,False
34_engineer_ocean, TRUE,0.342359343493084,False,3,False,False,False
35_sheep_cave, FALSE,0.6081287005622,True,4,True,False,False
35_woman_office, TRUE,0.6039728794004681,True,4,True,False,False
35_butcher_museum, TRUE,0.3291128455707162,False,4,True,False,False
35_toddler_house, TRUE,0.4747814721416484,False,4,True,False,True
35_human_tundra, TRUE,0.41354473399288927,False,4,False,False,False
36_soldier_hospital, TRUE,0.48204527344952536,False,5,True,False,False
36_butcher_alley, TRUE,0.49422765646610567,False,5,True,False,True
36_crocodile_creek, FALSE,0.5796411855928534,True,5,True,False,False
36_salamander_lake, FALSE,0.6336139596637751,True,5,True,False,False
36_condor_hospital, FALSE,0.6594874298037018,True,5,False,False,False
37_lion_savannah, FALSE,0.5169879362379678,True,6,True,False,True
37_human_library, TRUE,0.6380612723418362,True,6,True,False,False
37_sheep_creek, FALSE,0.5624440797463199,True,6,True,False,False
37_human_store, TRUE,0.6389285519372294,True,6,True,False,False
37_chipmunk_hospital, FALSE,0.6888381065010689,True,6,False,False,False
38_soldier_skyscraper, TRUE,0.6071964964047512,True,7,True,False,False
38_student_library, TRUE,0.7594407707915047,True,7,True,False,False
38_lion_ocean, FALSE,0.5872193035367063,True,7,True,False,False
38_condor_delta, FALSE,0.49788092268772693,False,7,True,False,False
38_shark_house, FALSE,0.49803542011001595,False,7,False,False,True
39_bee_savannah, FALSE,0.5477192443470019,True,8,True,False,True
39_chipmunk_delta, FALSE,0.5938788914292743,True,8,True,False,False
39_doctor_condominium, TRUE,0.7066303151296105,True,8,True,False,False
39_woman_restaurant, TRUE,0.7145393401877206,True,8,True,False,False
39_ant_condominium, FALSE,0.4430402380304127,False,8,False,False,False
40_soldier_museum, TRUE,0.556353460646502,True,9,True,False,False
40_soldier_alley, TRUE,0.8407279316166264,True,9,True,False,False
40_banker_hospital, TRUE,0.7268317630055056,True,9,True,False,False
40_lion_cave, FALSE,0.6913085187270366,True,9,True,False,False
40_engineer_cave, TRUE,0.5081627546987423,True,9,False,False,True
41_sheep_ocean, FALSE,0.6215723474715248,True,2,True,False,False
41_doctor_store, TRUE,0.5487150613946382,True,2,True,False,False
41_student_apartment, TRUE,0.6423439919269122,True,2,True,False,False
41_butcher_skyscraper, TRUE,0.4829473088848135,False,2,True,False,True
41_toddler_stream, TRUE,0.549750149658819,True,2,False,False,False
42_chipmunk_forest, FALSE,0.5244831540537988,True,3,True,False,False
42_ant_savannah, FALSE,0.5214501911661973,True,3,True,False,False
42_architect_hospital, TRUE,0.5832543389602973,True,3,True,False,False
42_crocodile_cave, FALSE,0.4736363052540361,False,3,True,False,False
42_engineer_ocean, TRUE,0.4847316235432139,False,3,False,False,True
43_sheep_cave, FALSE,0.563236250969484,True,4,True,False,False
43_woman_office, TRUE,0.6305791863952922,True,4,True,False,False
43_butcher_museum, TRUE,0.4735402515245634,False,4,True,False,False
43_toddler_house, TRUE,0.486020869038919,False,4,True,False,True
43_human_tundra, TRUE,0.4515541578825985,False,4,False,False,False
44_soldier_hospital, TRUE,0.6332038467317366,True,5,True,False,False
44_butcher_alley, TRUE,0.31032276062081776,False,5,True,False,False
44_crocodile_creek, FALSE,0.5405354592877918,True,5,True,False,False
44_salamander_lake, FALSE,0.5594367445540217,True,5,True,False,False
44_condor_hospital, FALSE,0.4935706818860094,False,5,False,False,True
45_lion_savannah, FALSE,0.46699371164143455,False,6,True,False,True
45_human_library, TRUE,0.5557583089326962,True,6,True,False,False
45_sheep_creek, FALSE,0.5803251073498114,True,6,True,False,False
45_human_store, TRUE,0.5624581246653196,True,6,True,False,False
45_chipmunk_hospital, FALSE,0.6350686500963215,True,6,False,False,False
46_soldier_skyscraper, TRUE,0.5393926997752769,True,7,True,False,True
46_student_library, TRUE,0.6154905722181748,True,7,True,False,False
46_lion_ocean, FALSE,0.6920301104737239,True,7,True,False,False
46_condor_delta, FALSE,0.6088457218773087,True,7,True,False,False
46_shark_house, FALSE,0.639824876245361,True,7,False,False,False
47_bee_savannah, FALSE,0.5022392250294697,True,8,True,False,True
47_chipmunk_delta, FALSE,0.5423056601450515,True,8,True,False,False
47_doctor_condominium, TRUE,0.6804474368573526,True,8,True,False,False
47_woman_restaurant, TRUE,0.7254290947321738,True,8,True,False,False
47_ant_condominium, FALSE,0.3567705007631184,False,8,False,False,False
48_soldier_museum, TRUE,0.4314896707747044,False,9,True,False,False
48_soldier_alley, TRUE,0.4403056885213676,False,9,True,False,False
48_banker_hospital, TRUE,0.3195052655540811,False,9,True,False,False
48_lion_cave, FALSE,0.698809001600185,True,9,True,False,False
48_engineer_cave, TRUE,0.4448228596277587,False,9,False,False,True
49_sheep_ocean, FALSE,0.582436296173424,True,2,True,True,False
49_doctor_store, TRUE,0.5614308676664288,True,2,True,True,False
49_student_apartment, TRUE,0.6052423060305463,True,2,True,True,False
49_butcher_skyscraper, TRUE,0.5445081385892934,True,2,True,True,False
49_toddler_stream, TRUE,0.5433053512183061,True,2,False,True,True
50_chipmunk_forest, FALSE,0.5602554376080474,True,3,True,True,False
50_ant_savannah, FALSE,0.6179927456294402,True,3,True,True,False
50_architect_hospital, TRUE,0.47842983628539204,False,3,True,True,True
50_crocodile_cave, FALSE,0.5724819311938405,True,3,True,True,False
50_engineer_ocean, TRUE,0.400053331130801,False,3,False,True,False
51_sheep_cave, FALSE,0.5912568471720837,True,4,True,True,False
51_woman_office, TRUE,0.6172882618469454,True,4,True,True,False
51_butcher_museum, TRUE,0.2923435198022233,False,4,True,True,False
51_toddler_house, TRUE,0.45150504381160095,False,4,True,True,True
51_human_tundra, TRUE,0.3969197962599139,False,4,False,True,False
52_soldier_hospital, TRUE,0.46533527522989354,False,5,True,True,False
52_butcher_alley, TRUE,0.5446254565568096,True,5,True,True,False
52_crocodile_creek, FALSE,0.5069766371776157,True,5,True,True,True
52_salamander_lake, FALSE,0.5317451165788061,True,5,True,True,False
52_condor_hospital, FALSE,0.6608130633360961,True,5,False,True,False
53_lion_savannah, FALSE,0.7689067336426973,True,6,True,True,False
53_human_library, TRUE,0.4660395800552086,False,6,True,True,False
53_sheep_creek, FALSE,0.7909008895474995,True,6,True,True,False
53_human_store, TRUE,0.4662465367494956,False,6,True,True,True
53_chipmunk_hospital, FALSE,0.8594551406937241,True,6,False,True,False
54_soldier_skyscraper, TRUE,0.34663028893752657,False,7,True,True,False
54_student_library, TRUE,0.6140179674302455,True,7,True,True,True
54_lion_ocean, FALSE,0.7620597512777594,True,7,True,True,False
54_condor_delta, FALSE,0.7143728222605235,True,7,True,True,False
54_shark_house, FALSE,0.8010205230462093,True,7,False,True,False
55_bee_savannah, FALSE,0.724431836816305,True,8,True,True,False
55_chipmunk_delta, FALSE,0.729633427540329,True,8,True,True,False
55_doctor_condominium, TRUE,0.5572270311034974,True,8,True,True,True
55_woman_restaurant, TRUE,0.7243564500081155,True,8,True,True,False
55_ant_condominium, FALSE,0.6467644503554278,True,8,False,True,False
56_soldier_museum, TRUE,0.5496462736578838,True,9,True,True,False
56_soldier_alley, TRUE,0.48275485804171464,False,9,True,True,True
56_banker_hospital, TRUE,0.6936569972818082,True,9,True,True,False
56_lion_cave, FALSE,0.7290694223487029,True,9,True,True,False
56_engineer_cave, TRUE,0.23074910197417933,False,9,False,True,False
57_sheep_ocean, FALSE,0.730021547387281,True,2,True,False,False
57_doctor_store, TRUE,0.39971921083290823,False,2,True,False,False
57_student_apartment, TRUE,0.4712669541920924,False,2,True,False,True
57_butcher_skyscraper, TRUE,0.4162746797299104,False,2,True,False,False
57_toddler_stream, TRUE,0.3909289732515379,False,2,False,False,False
58_chipmunk_forest, FALSE,0.6086704037031395,True,3,True,False,False
58_ant_savannah, FALSE,0.6317398518850411,True,3,True,False,False
58_architect_hospital, TRUE,0.4708059837401348,False,3,True,False,True
58_crocodile_cave, FALSE,0.5759868251690046,True,3,True,False,False
58_engineer_ocean, TRUE,0.37711045478911676,False,3,False,False,False
59_sheep_cave, FALSE,0.608071440767464,True,4,True,False,False
59_woman_office, TRUE,0.5900596712438877,True,4,True,False,False
59_butcher_museum, TRUE,0.35615968353936583,False,4,True,False,False
59_toddler_house, TRUE,0.5124171213447775,True,4,True,False,True
59_human_tundra, TRUE,0.38466561051850057,False,4,False,False,False
60_soldier_hospital, TRUE,0.5756616249322967,True,5,True,False,False
60_butcher_alley, TRUE,0.5413207766498475,True,5,True,False,False
60_crocodile_creek, FALSE,0.5035552325821856,True,5,True,False,True
60_salamander_lake, FALSE,0.6228716035210496,True,5,True,False,False
60_condor_hospital, FALSE,0.5155036909172219,True,5,False,False,False
61_lion_savannah, FALSE,0.698568889941064,True,6,True,False,False
61_human_library, TRUE,0.6497062387411471,True,6,True,False,False
61_sheep_creek, FALSE,0.8026062975134982,True,6,True,False,False
61_human_store, TRUE,0.5926067281789337,True,6,True,False,True
61_chipmunk_hospital, FALSE,0.8406334205422521,True,6,False,False,False
62_soldier_skyscraper, TRUE,0.49764825484264275,False,7,True,False,True
62_student_library, TRUE,0.6827026523337639,True,7,True,False,False
62_lion_ocean, FALSE,0.660548833906488,True,7,True,False,False
62_condor_delta, FALSE,0.5578321279103637,True,7,True,False,False
62_shark_house, FALSE,0.7181745686840404,True,7,False,False,False
63_bee_savannah, FALSE,0.5726079561829063,True,8,True,False,True
63_chipmunk_delta, FALSE,0.6761865760245561,True,8,True,False,False
63_doctor_condominium, TRUE,0.7538108627028632,True,8,True,False,False
63_woman_restaurant, TRUE,0.7714549797801651,True,8,True,False,False
63_ant_condominium, FALSE,0.41337910614720513,False,8,False,False,False
64_soldier_museum, TRUE,0.7763912311856153,True,9,True,False,False
64_soldier_alley, TRUE,0.7582617658675337,True,9,True,False,False
64_banker_hospital, TRUE,0.7821487756597607,True,9,True,False,False
64_lion_cave, FALSE,0.4689406850254404,False,9,True,False,True
64_engineer_cave, TRUE,0.6807642530255098,True,9,False,False,False
65_sheep_ocean, FALSE,0.4899467800635046,False,2,True,True,True
65_doctor_store, TRUE,0.6622974954429792,True,2,True,True,False
65_student_apartment, TRUE,0.7079318486455635,True,2,True,True,False
65_butcher_skyscraper, TRUE,0.5988245866165991,True,2,True,True,False
65_toddler_stream, TRUE,0.6740722785661837,True,2,False,True,False
66_chipmunk_forest, FALSE,0.48581314646378776,False,3,True,True,False
66_ant_savannah, FALSE,0.5369560192695941,True,3,True,True,False
66_architect_hospital, TRUE,0.5929161486827083,True,3,True,True,False
66_crocodile_cave, FALSE,0.48954254771271616,False,3,True,True,True
66_engineer_ocean, TRUE,0.5797815013817901,True,3,False,True,False
67_sheep_cave, FALSE,0.49917219325635614,False,4,True,True,True
67_woman_office, TRUE,0.5920162720635601,True,4,True,True,False
67_butcher_museum, TRUE,0.4437520419983455,False,4,True,True,False
67_toddler_house, TRUE,0.5339983738452702,True,4,True,True,False
67_human_tundra, TRUE,0.3738267114246404,False,4,False,True,False
68_soldier_hospital, TRUE,0.5098253850070456,True,5,True,True,True
68_butcher_alley, TRUE,0.42818669610156257,False,5,True,True,False
68_crocodile_creek, FALSE,0.7008340416925541,True,5,True,True,False
68_salamander_lake, FALSE,0.6320788220662639,True,5,True,True,False
68_condor_hospital, FALSE,0.6234915119810894,True,5,False,True,False
69_lion_savannah, FALSE,0.49785804810305784,False,6,True,True,True
69_human_library, TRUE,0.48361506884376093,False,6,True,True,False
69_sheep_creek, FALSE,0.7993138568667534,True,6,True,True,False
69_human_store, TRUE,0.5098291835390977,True,6,True,True,False
69_chipmunk_hospital, FALSE,0.5963569332990121,True,6,False,True,False
70_soldier_skyscraper, TRUE,0.220522730838932,False,7,True,True,False
70_student_library, TRUE,0.5370821614898443,True,7,True,True,True
70_lion_ocean, FALSE,0.754565448569839,True,7,True,True,False
70_condor_delta, FALSE,0.6917056424433965,True,7,True,True,False
70_shark_house, FALSE,0.7544354044740491,True,7,False,True,False
71_bee_savannah, FALSE,0.7853908760903823,True,8,True,True,False
71_chipmunk_delta, FALSE,0.7875452977100345,True,8,True,True,False
71_doctor_condominium, TRUE,0.6562384036786506,True,8,True,True,False
71_woman_restaurant, TRUE,0.8312211799527726,True,8,True,True,False
71_ant_condominium, FALSE,0.6278790391258646,True,8,False,True,True
72_soldier_museum, TRUE,0.297497829859905,False,9,True,True,False
72_soldier_alley, TRUE,0.3864169637461459,False,9,True,True,False
72_banker_hospital, TRUE,0.4638834714211516,False,9,True,True,True
72_lion_cave, FALSE,0.7584127443165996,True,9,True,True,False
72_engineer_cave, TRUE,0.207651219725829,False,9,False,True,False
73_sheep_ocean, FALSE,0.4751477315737264,False,2,True,True,True
73_doctor_store, TRUE,0.6315366204232121,True,2,True,True,False
73_student_apartment, TRUE,0.6714444694813126,True,2,True,True,False
73_butcher_skyscraper, TRUE,0.5867513340864443,True,2,True,True,False
73_toddler_stream, TRUE,0.6306440650119779,True,2,False,True,False
74_chipmunk_forest, FALSE,0.43887533556231695,False,3,True,True,False
74_ant_savannah, FALSE,0.4824891019649236,False,3,True,True,True
74_architect_hospital, TRUE,0.608936570942573,True,3,True,True,False
74_crocodile_cave, FALSE,0.4332703829511388,False,3,True,True,False
74_engineer_ocean, TRUE,0.6070727844974622,True,3,False,True,False
75_sheep_cave, FALSE,0.4811186327820257,False,4,True,True,False
75_woman_office, TRUE,0.6318791787246986,True,4,True,True,False
75_butcher_museum, TRUE,0.5020952277358623,True,4,True,True,True
75_toddler_house, TRUE,0.5676800945087265,True,4,True,True,False
75_human_tundra, TRUE,0.467777136384834,False,4,False,True,False
76_soldier_hospital, TRUE,0.5751518299809495,True,5,True,True,False
76_butcher_alley, TRUE,0.5684364169014725,True,5,True,True,False
76_crocodile_creek, FALSE,0.49779604427422036,False,5,True,True,True
76_salamander_lake, FALSE,0.5599763265358687,True,5,True,True,False
76_condor_hospital, FALSE,0.5041140696522681,True,5,False,True,False
77_lion_savannah, FALSE,0.5414903110085444,True,6,True,True,False
77_human_library, TRUE,0.5447351956996068,True,6,True,True,False
77_sheep_creek, FALSE,0.6168628086706686,True,6,True,True,False
77_human_store, TRUE,0.53852347424183,True,6,True,True,True
77_chipmunk_hospital, FALSE,0.6574439006062484,True,6,False,True,False
78_soldier_skyscraper, TRUE,0.3251714054365508,False,7,True,True,False
78_student_library, TRUE,0.5512283579533,True,7,True,True,True
78_lion_ocean, FALSE,0.7415643472075437,True,7,True,True,False
78_condor_delta, FALSE,0.7426667486498068,True,7,True,True,False
78_shark_house, FALSE,0.7395113384314072,True,7,False,True,False
79_bee_savannah, FALSE,0.8240961541958782,True,8,True,True,False
79_chipmunk_delta, FALSE,0.8928668756122327,True,8,True,True,False
79_doctor_condominium, TRUE,0.30470720768985093,False,8,True,True,False
79_woman_restaurant, TRUE,0.5078700324707885,True,8,True,True,True
79_ant_condominium, FALSE,0.822140606414598,True,8,False,True,False
80_soldier_museum, TRUE,0.608315963892492,True,9,True,True,False
80_soldier_alley, TRUE,0.5829548135860241,True,9,True,True,False
80_banker_hospital, TRUE,0.6541986173604137,True,9,True,True,False
80_lion_cave, FALSE,0.47076226601562765,False,9,True,True,True
80_engineer_cave, TRUE,0.5409153446887556,True,9,False,True,False
81_sheep_ocean, FALSE,0.7272905001976961,True,2,True,False,False
81_doctor_store, TRUE,0.41702013569799623,False,2,True,False,False
81_student_apartment, TRUE,0.5567074643882164,True,2,True,False,False
81_butcher_skyscraper, TRUE,0.38058178017330624,False,2,True,False,False
81_toddler_stream, TRUE,0.4683346862477967,False,2,False,False,True
82_chipmunk_forest, FALSE,0.5217472108778058,True,3,True,False,False
82_ant_savannah, FALSE,0.5918946376543334,True,3,True,False,False
82_architect_hospital, TRUE,0.4816109853727623,False,3,True,False,True
82_crocodile_cave, FALSE,0.5716124646292268,True,3,True,False,False
82_engineer_ocean, TRUE,0.3822468121974725,False,3,False,False,False
83_sheep_cave, FALSE,0.5539898238902297,True,4,True,False,False
83_woman_office, TRUE,0.6609447550578905,True,4,True,False,False
83_butcher_museum, TRUE,0.4669937340433873,False,4,True,False,False
83_toddler_house, TRUE,0.5200526484863848,True,4,True,False,True
83_human_tundra, TRUE,0.4438678161496592,False,4,False,False,False
84_soldier_hospital, TRUE,0.4684686241778237,False,5,True,False,False
84_butcher_alley, TRUE,0.510048454362934,True,5,True,False,False
84_crocodile_creek, FALSE,0.5381565768130256,True,5,True,False,False
84_salamander_lake, FALSE,0.4992055756684932,False,5,True,False,True
84_condor_hospital, FALSE,0.6584775338685089,True,5,False,False,False
85_lion_savannah, FALSE,0.5016670013234001,True,6,True,False,True
85_human_library, TRUE,0.6324716804678353,True,6,True,False,False
85_sheep_creek, FALSE,0.614355154049299,True,6,True,False,False
85_human_store, TRUE,0.6234360014116989,True,6,True,False,False
85_chipmunk_hospital, FALSE,0.526934286699309,True,6,False,False,False
86_soldier_skyscraper, TRUE,0.43747237082553164,False,7,True,False,True
86_student_library, TRUE,0.6177612635591916,True,7,True,False,False
86_lion_ocean, FALSE,0.7192457839337145,True,7,True,False,False
86_condor_delta, FALSE,0.6020415020798972,True,7,True,False,False
86_shark_house, FALSE,0.6532064206886135,True,7,False,False,False
87_bee_savannah, FALSE,0.5831625533291372,True,8,True,False,True
87_chipmunk_delta, FALSE,0.6177045358958722,True,8,True,False,False
87_doctor_condominium, TRUE,0.78568648962626,True,8,True,False,False
87_woman_restaurant, TRUE,0.7873192356847247,True,8,True,False,False
87_ant_condominium, FALSE,0.4017171383264942,False,8,False,False,False
88_soldier_museum, TRUE,0.5072970168800758,True,9,True,False,True
88_soldier_alley, TRUE,0.4452496392882735,False,9,True,False,False
88_banker_hospital, TRUE,0.664473137068844,True,9,True,False,False
88_lion_cave, FALSE,0.7264506027170586,True,9,True,False,False
88_engineer_cave, TRUE,0.5229131277210212,True,9,False,False,False
89_sheep_ocean, FALSE,0.6033696144555079,True,2,True,False,False
89_doctor_store, TRUE,0.5096261754117966,True,2,True,False,True
89_student_apartment, TRUE,0.579135440228686,True,2,True,False,False
89_butcher_skyscraper, TRUE,0.5450624801354891,True,2,True,False,False
89_toddler_stream, TRUE,0.5263807795836971,True,2,False,False,False
90_chipmunk_forest, FALSE,0.5424258783047843,True,3,True,False,False
90_ant_savannah, FALSE,0.5180290352084282,True,3,True,False,False
90_architect_hospital, TRUE,0.5286817130836033,True,3,True,False,False
90_crocodile_cave, FALSE,0.5127459529912385,True,3,True,False,True
90_engineer_ocean, TRUE,0.44005656357850614,False,3,False,False,False
91_sheep_cave, FALSE,0.6981003535935574,True,4,True,False,False
91_woman_office, TRUE,0.5646161834448703,True,4,True,False,False
91_butcher_museum, TRUE,0.20206158066489646,False,4,True,False,False
91_toddler_house, TRUE,0.44266281883924696,False,4,True,False,True
91_human_tundra, TRUE,0.28126212878099593,False,4,False,False,False
92_soldier_hospital, TRUE,0.4254625627708765,False,5,True,False,True
92_butcher_alley, TRUE,0.32330082227580004,False,5,True,False,False
92_crocodile_creek, FALSE,0.7060170635153747,True,5,True,False,False
92_salamander_lake, FALSE,0.7218220974783921,True,5,True,False,False
92_condor_hospital, FALSE,0.693303437272335,True,5,False,False,False
93_lion_savannah, FALSE,0.351188498023316,False,6,True,False,False
93_human_library, TRUE,0.7036791396876869,True,6,True,False,False
93_sheep_creek, FALSE,0.5137122957377459,True,6,True,False,True
93_human_store, TRUE,0.7681609498944001,True,6,True,False,False
93_chipmunk_hospital, FALSE,0.3729074293895602,False,6,False,False,False
94_soldier_skyscraper, TRUE,0.722042639058902,True,7,True,False,False
94_student_library, TRUE,0.8623946771801633,True,7,True,False,False
94_lion_ocean, FALSE,0.36114447207565653,False,7,True,False,False
94_condor_delta, FALSE,0.33566380286384473,False,7,True,False,False
94_shark_house, FALSE,0.4323554523862622,False,7,False,False,True
95_bee_savannah, FALSE,0.6319137668384329,True,8,True,False,False
95_chipmunk_delta, FALSE,0.7754334563469081,True,8,True,False,False
95_doctor_condominium, TRUE,0.49017650676230107,False,8,True,False,True
95_woman_restaurant, TRUE,0.5790684840597772,True,8,True,False,False
95_ant_condominium, FALSE,0.6379819848872642,True,8,False,False,False
96_soldier_museum, TRUE,0.46295006294000096,False,9,True,False,False
96_soldier_alley, TRUE,0.44946624864365875,False,9,True,False,False
96_banker_hospital, TRUE,0.5268144239774333,True,9,True,False,True
96_lion_cave, FALSE,0.8153123497636426,True,9,True,False,False
96_engineer_cave, TRUE,0.26081504514726894,False,9,False,False,False
97_sheep_ocean, FALSE,0.5960410074681695,True,2,True,True,False
97_doctor_store, TRUE,0.5246201579196721,True,2,True,True,False
97_student_apartment, TRUE,0.5603541726396586,True,2,True,True,False
97_butcher_skyscraper, TRUE,0.5353859555388004,True,2,True,True,False
97_toddler_stream, TRUE,0.5221793304462115,True,2,False,True,True
98_chipmunk_forest, FALSE,0.5794803560290478,True,3,True,True,False
98_ant_savannah, FALSE,0.5837614767421007,True,3,True,True,False
98_architect_hospital, TRUE,0.4544267703848972,False,3,True,True,True
98_crocodile_cave, FALSE,0.5870482364204274,True,3,True,True,False
98_engineer_ocean, TRUE,0.3939987290053591,False,3,False,True,False
99_sheep_cave, FALSE,0.5946008734363075,True,4,True,True,False
99_woman_office, TRUE,0.5459411324341403,True,4,True,True,True
99_butcher_museum, TRUE,0.31097714307014845,False,4,True,True,False
99_toddler_house, TRUE,0.40754247072582994,False,4,True,True,False
99_human_tundra, TRUE,0.4250159753297678,False,4,False,True,False
100_soldier_hospital, TRUE,0.5027684717077822,True,5,True,True,True
100_butcher_alley, TRUE,0.5573907763050939,True,5,True,True,False
100_crocodile_creek, FALSE,0.5039452931171811,True,5,True,True,False
100_salamander_lake, FALSE,0.5540171735763554,True,5,True,True,False
100_condor_hospital, FALSE,0.6722981243054587,True,5,False,True,False
101_lion_savannah, FALSE,0.45996288928051715,False,6,True,True,False
101_human_library, TRUE,0.6459823178051414,True,6,True,True,False
101_sheep_creek, FALSE,0.5126792311509036,True,6,True,True,True
101_human_store, TRUE,0.6357110813114076,True,6,True,True,False
101_chipmunk_hospital, FALSE,0.6036343308553451,True,6,False,True,False
102_soldier_skyscraper, TRUE,0.2357373502291671,False,7,True,True,False
102_student_library, TRUE,0.5235374277027486,True,7,True,True,True
102_lion_ocean, FALSE,0.7924115126950457,True,7,True,True,False
102_condor_delta, FALSE,0.7494161797373416,True,7,True,True,False
102_shark_house, FALSE,0.8270798275575779,True,7,False,True,False
103_bee_savannah, FALSE,0.47267488983484424,False,8,True,True,True
103_chipmunk_delta, FALSE,0.5673261873387513,True,8,True,True,False
103_doctor_condominium, TRUE,0.6988965203841326,True,8,True,True,False
103_woman_restaurant, TRUE,0.7213507995182892,True,8,True,True,False
103_ant_condominium, FALSE,0.4670516410465914,False,8,False,True,False
104_soldier_museum, TRUE,0.7198900565832066,True,9,True,True,False
104_soldier_alley, TRUE,0.7221459882343947,True,9,True,True,False
104_banker_hospital, TRUE,0.809576089569857,True,9,True,True,False
104_lion_cave, FALSE,0.46306481883164896,False,9,True,True,True
104_engineer_cave, TRUE,0.6322446508441697,True,9,False,True,False
105_sheep_ocean, FALSE,0.578976442002024,True,2,True,True,False
105_doctor_store, TRUE,0.5583646248493238,True,2,True,True,False
105_student_apartment, TRUE,0.5664870029366476,True,2,True,True,False
105_butcher_skyscraper, TRUE,0.5325448098978203,True,2,True,True,False
105_toddler_stream, TRUE,0.5202002115019877,True,2,False,True,True
106_chipmunk_forest, FALSE,0.5179347298405201,True,3,True,True,False
106_ant_savannah, FALSE,0.5149186579452466,True,3,True,True,False
106_architect_hospital, TRUE,0.5119615572882313,True,3,True,True,True
106_crocodile_cave, FALSE,0.5308540722551872,True,3,True,True,False
106_engineer_ocean, TRUE,0.42295331660802893,False,3,False,True,False
107_sheep_cave, FALSE,0.580312118885888,True,4,True,True,False
107_woman_office, TRUE,0.5677428275313363,True,4,True,True,False
107_butcher_museum, TRUE,0.3504300691261647,False,4,True,True,False
107_toddler_house, TRUE,0.4730980193943445,False,4,True,True,True
107_human_tundra, TRUE,0.43802914250388325,False,4,False,True,False
108_soldier_hospital, TRUE,0.5367568299969497,True,5,True,True,False
108_butcher_alley, TRUE,0.5929677035627857,True,5,True,True,False
108_crocodile_creek, FALSE,0.44263084514366874,False,5,True,True,False
108_salamander_lake, FALSE,0.4878078048494136,False,5,True,True,True
108_condor_hospital, FALSE,0.5678804413756536,True,5,False,True,False
109_lion_savannah, FALSE,0.4383972713261251,False,6,True,True,False
109_human_library, TRUE,0.5853159665210442,True,6,True,True,False
109_sheep_creek, FALSE,0.5428973805319706,True,6,True,True,True
109_human_store, TRUE,0.5898566576109596,True,6,True,True,False
109_chipmunk_hospital, FALSE,0.5759905203041726,True,6,False,True,False
110_soldier_skyscraper, TRUE,0.4728850576018983,False,7,True,True,True
110_student_library, TRUE,0.6400006578139564,True,7,True,True,False
110_lion_ocean, FALSE,0.6770421081069588,True,7,True,True,False
110_condor_delta, FALSE,0.561159382405504,True,7,True,True,False
110_shark_house, FALSE,0.673822479913035,True,7,False,True,False
111_bee_savannah, FALSE,0.5238676190007558,True,8,True,True,True
111_chipmunk_delta, FALSE,0.6042849077522576,True,8,True,True,False
111_doctor_condominium, TRUE,0.5931739098370872,True,8,True,True,False
111_woman_restaurant, TRUE,0.6817359112400866,True,8,True,True,False
111_ant_condominium, FALSE,0.5396618396683085,True,8,False,True,False
112_soldier_museum, TRUE,0.5486564771612596,True,9,True,True,False
112_soldier_alley, TRUE,0.5797052904800334,True,9,True,True,False
112_banker_hospital, TRUE,0.5824558083219078,True,9,True,True,False
112_lion_cave, FALSE,0.5564842859492425,True,9,True,True,False
112_engineer_cave, TRUE,0.45223539055969825,False,9,False,True,True
113_sheep_ocean, FALSE,0.6023055912451256,True,2,True,False,False
113_doctor_store, TRUE,0.5063463716547669,True,2,True,False,False
113_student_apartment, TRUE,0.5560662741324152,True,2,True,False,False
113_butcher_skyscraper, TRUE,0.5038918638991111,True,2,True,False,True
113_toddler_stream, TRUE,0.477894906181369,False,2,False,False,False
114_chipmunk_forest, FALSE,0.5245174215774974,True,3,True,False,False
114_ant_savannah, FALSE,0.5055988159762195,True,3,True,False,True
114_architect_hospital, TRUE,0.5515067409106091,True,3,True,False,False
114_crocodile_cave, FALSE,0.4625043262921196,False,3,True,False,False
114_engineer_ocean, TRUE,0.4645561364427084,False,3,False,False,False
115_sheep_cave, FALSE,0.6856486251890858,True,4,True,False,False
115_woman_office, TRUE,0.5108196707150641,True,4,True,False,True
115_butcher_museum, TRUE,0.1957099463152243,False,4,True,False,False
115_toddler_house, TRUE,0.3793343794273287,False,4,True,False,False
115_human_tundra, TRUE,0.3400544521926255,False,4,False,False,False
116_soldier_hospital, TRUE,0.6347962629249384,True,5,True,False,False
116_butcher_alley, TRUE,0.6383616285383059,True,5,True,False,False
116_crocodile_creek, FALSE,0.4568640732934752,False,5,True,False,False
116_salamander_lake, FALSE,0.4959574630882035,False,5,True,False,True
116_condor_hospital, FALSE,0.39300822507565397,False,5,False,False,False
117_lion_savannah, FALSE,0.7027109660887407,True,6,True,False,False
117_human_library, TRUE,0.4145923485069216,False,6,True,False,True
117_sheep_creek, FALSE,0.8342618654020272,True,6,True,False,False
117_human_store, TRUE,0.3886751220853999,False,6,True,False,False
117_chipmunk_hospital, FALSE,0.8532968591790178,True,6,False,False,False
118_soldier_skyscraper, TRUE,0.650268634791836,True,7,True,False,False
118_student_library, TRUE,0.7017354150919195,True,7,True,False,False
118_lion_ocean, FALSE,0.5530763172640504,True,7,True,False,False
118_condor_delta, FALSE,0.49186778219075256,False,7,True,False,True
118_shark_house, FALSE,0.4544324131200676,False,7,False,False,False
119_bee_savannah, FALSE,0.7078908228391942,True,8,True,False,False
119_chipmunk_delta, FALSE,0.7040544724578188,True,8,True,False,False
119_doctor_condominium, TRUE,0.40498902807957077,False,8,True,False,True
119_woman_restaurant, TRUE,0.35913847858860704,False,8,True,False,False
119_ant_condominium, FALSE,0.7266196273160999,True,8,False,False,False
120_soldier_museum, TRUE,0.3779531347903419,False,9,True,False,False
120_soldier_alley, TRUE,0.35107464272342903,False,9,True,False,False
120_banker_hospital, TRUE,0.42545322503015404,False,9,True,False,True
120_lion_cave, FALSE,0.7971549468680789,True,9,True,False,False
120_engineer_cave, TRUE,0.18914284974791715,False,9,False,False,False
121_sheep_ocean, FALSE,0.5648318676700413,True,2,True,True,False
121_doctor_store, TRUE,0.5567921516950441,True,2,True,True,False
121_student_apartment, TRUE,0.5642448166935146,True,2,True,True,False
121_butcher_skyscraper, TRUE,0.56674458308728,True,2,True,True,False
121_toddler_stream, TRUE,0.5440255660193458,True,2,False,True,True
122_chipmunk_forest, FALSE,0.5231405568278965,True,3,True,True,True
122_ant_savannah, FALSE,0.5374823987577276,True,3,True,True,False
122_architect_hospital, TRUE,0.47247904323927303,False,3,True,True,False
122_crocodile_cave, FALSE,0.5255210270539077,True,3,True,True,False
122_engineer_ocean, TRUE,0.43319918793061424,False,3,False,True,False
123_sheep_cave, FALSE,0.5869030080147593,True,4,True,True,False
123_woman_office, TRUE,0.5293299266589991,True,4,True,True,True
123_butcher_museum, TRUE,0.35878560063833903,False,4,True,True,False
123_toddler_house, TRUE,0.2963303874425519,False,4,True,True,False
123_human_tundra, TRUE,0.44803473393191007,False,4,False,True,False
124_soldier_hospital, TRUE,0.45343012010422656,False,5,True,True,True
124_butcher_alley, TRUE,0.4093581697548515,False,5,True,True,False
124_crocodile_creek, FALSE,0.6023549341196484,True,5,True,True,False
124_salamander_lake, FALSE,0.5949052358281944,True,5,True,True,False
124_condor_hospital, FALSE,0.6659479332765632,True,5,False,True,False
125_lion_savannah, FALSE,0.4205093873931406,False,6,True,True,True
125_human_library, TRUE,0.608493163557753,True,6,True,True,False
125_sheep_creek, FALSE,0.6145187482318271,True,6,True,True,False
125_human_store, TRUE,0.6243427645629794,True,6,True,True,False
125_chipmunk_hospital, FALSE,0.7977612036866972,True,6,False,True,False
126_soldier_skyscraper, TRUE,0.3583916541317971,False,7,True,True,False
126_student_library, TRUE,0.5090360635757,True,7,True,True,True
126_lion_ocean, FALSE,0.7515641117530494,True,7,True,True,False
126_condor_delta, FALSE,0.6148295378431761,True,7,True,True,False
126_shark_house, FALSE,0.7398382099149529,True,7,False,True,False
